time,iteration,cost, 
0.116099,0,489664, 
0.246755,1,489664, 
0.246901,2,489664, 
0.247073,3,489664, 
0.247142,4,489664, 
0.247227,5,489664, 
0.407382,6,489664, 
0.407494,7,489664, 
0.407577,8,489664, 
0.665965,9,489664, 
0.666267,10,489664, 
0.66635,11,489664, 
0.66642,12,489664, 
0.666499,13,489664, 
0.905221,14,489664, 
0.905499,15,489664, 
0.90558,16,489664, 
0.905648,17,489664, 
1.23605,18,489664, 
1.23631,19,489664, 
1.23638,20,489664, 
1.56857,21,489664, 
2.13967,22,489664, 
2.13983,23,489664, 
2.1399,24,489664, 
2.13996,25,489664, 
2.14003,26,489664, 
2.5548,27,489664, 
2.55515,28,489664, 
2.55522,29,489664, 
2.55531,30,489664, 
2.55538,31,489664, 
2.55551,32,489664, 
2.55557,33,489664, 
2.55563,34,489664, 
3.23195,35,489664, 
3.8564,36,489664, 
3.85654,37,489664, 
3.85663,38,489664, 
4.75575,39,489664, 
5.47711,40,489664, 
5.47744,41,489664, 
5.47756,42,489664, 
5.47764,43,489664, 
6.3984,44,489664, 
6.39862,45,489664, 
6.3987,46,489664, 
7.61119,47,489664, 
7.61142,48,489664, 
7.61152,49,489664, 
7.61161,50,489664, 
7.61169,51,489664, 
7.61176,52,489664, 
7.61183,53,489664, 
7.6119,54,489664, 
7.61197,55,489664, 
8.70449,56,489664, 
10.0102,57,489664, 
10.0104,58,489664, 
10.0105,59,489664, 
10.0105,60,489664, 
10.0106,61,489664, 
11.5715,62,489664, 
11.5719,63,489664, 
11.572,64,489664, 
11.572,65,489664, 
11.5721,66,489664, 
11.5722,67,489664, 
11.5722,68,489664, 
11.5727,69,489664, 
13.0879,70,489664, 
14.3016,71,489664, 
14.3021,72,489664, 
14.3022,73,489664, 
14.3026,74,489664, 
14.3026,75,489664, 
14.3027,76,489664, 
14.3028,77,489664, 
14.3029,78,489664, 
14.303,79,489664, 
14.3031,80,489664, 
14.3035,81,489664, 
15.476,82,489664, 
16.983,83,489664, 
16.9831,84,489664, 
16.9832,85,489664, 
16.9834,86,489664, 
16.9835,87,489664, 
16.9836,88,489664, 
16.9837,89,489664, 
18.4988,90,489664, 
20.224,91,489664, 
20.2242,92,489664, 
20.2243,93,489664, 
20.2243,94,489664, 
20.2244,95,489664, 
20.2245,96,489664, 
20.2245,97,489664, 
20.2246,98,489664, 
20.2247,99,489664, 
20.2248,100,489664, 
20.2249,101,489664, 
21.7917,102,489664, 
21.7918,103,489664, 
21.7919,104,489664, 
21.7921,105,489664, 
21.7922,106,489664, 
21.7923,107,489664, 
23.5748,108,489664, 
25.558,109,489664, 
27.2447,110,489664, 
27.2449,111,489664, 
27.2449,112,489664, 
27.245,113,489664, 
27.2451,114,489664, 
27.2452,115,489664, 
27.2452,116,489664, 
27.2453,117,489664, 
27.2454,118,489664, 
27.2455,119,489664, 
27.2456,120,489664, 
29.9865,121,489664, 
29.9866,122,489664, 
29.9867,123,489664, 
29.9868,124,489664, 
29.9869,125,489664, 
29.9875,126,489664, 
29.9876,127,489664, 
29.9876,128,489664, 
33.1596,129,489664, 
33.1597,130,489664, 
33.1598,131,489664, 
33.1599,132,489664, 
33.16,133,489664, 
33.16,134,489664, 
33.1601,135,489664, 
33.1602,136,489664, 
33.1603,137,489664, 
33.1604,138,489664, 
33.1605,139,489664, 
35.1958,140,489664, 
35.196,141,489664, 
37.8919,142,489664, 
37.8922,143,489664, 
37.8923,144,489664, 
37.8923,145,489664, 
37.8924,146,489664, 
37.8925,147,489664, 
37.8926,148,489664, 
37.8927,149,489664, 
37.8928,150,489664, 
37.8929,151,489664, 
37.8929,152,489664, 
37.893,153,489664, 
37.8931,154,489664, 
37.8931,155,489664, 
37.8932,156,489664, 
37.8933,157,489664, 
37.8934,158,489664, 
37.8934,159,489664, 
39.6543,160,489664, 
39.6545,161,489664, 
39.6545,162,489664, 
39.6546,163,489664, 
39.6547,164,489664, 
39.6548,165,489664, 
39.6548,166,489664, 
42.1641,167,489664, 
42.1642,168,489664, 
42.1643,169,489664, 
42.1644,170,489664, 
42.1646,171,489664, 
42.1647,172,489664, 
44.5824,173,489664, 
44.5828,174,489664, 
44.5829,175,489664, 
47.5248,176,489664, 
47.5253,177,489664, 
47.5257,178,489664, 
47.5258,179,489664, 
47.5258,180,489664, 
49.8749,181,489664, 
49.8752,182,489664, 
52.1604,183,489664, 
52.1607,184,489664, 
54.825,185,489664, 
54.8251,186,489664, 
54.8252,187,489664, 
54.8252,188,489664, 
54.8253,189,489664, 
54.8254,190,489664, 
54.826,191,489664, 
54.8261,192,489664, 
54.8265,193,489664, 
54.8267,194,489664, 
54.8268,195,489664, 
54.8269,196,489664, 
54.827,197,489664, 
54.8271,198,489664, 
57.0144,199,489664, 
57.0145,200,489664, 
57.0146,201,489664, 
57.0147,202,489664, 
57.0148,203,489664, 
57.0149,204,489664, 
59.8202,205,489664, 
59.8203,206,489664, 
59.8204,207,489664, 
59.8205,208,489664, 
59.8206,209,489664, 
59.8206,210,489664, 
59.8207,211,489664, 
59.8208,212,489664, 
63.1325,213,489664, 
63.1327,214,489664, 
66.1168,215,489664, 
69.3652,216,489664, 
69.3654,217,489664, 
69.3655,218,489664, 
69.3656,219,489664, 
72.0595,220,489664, 
72.0596,221,489664, 
72.0597,222,489664, 
74.9445,223,489664, 
74.9446,224,489664, 
74.9447,225,489664, 
78.0378,226,489664, 
78.0383,227,489664, 
78.0384,228,489664, 
78.0385,229,489664, 
78.0386,230,489664, 
78.0391,231,489664, 
78.0392,232,489664, 
78.0392,233,489664, 
78.0393,234,489664, 
78.0398,235,489664, 
78.0399,236,489664, 
78.0399,237,489664, 
78.0401,238,489664, 
78.0405,239,489664, 
78.0406,240,489664, 
80.9499,241,489664, 
80.95,242,489664, 
80.9501,243,489664, 
80.9502,244,489664, 
80.9502,245,489664, 
80.9503,246,489664, 
80.9504,247,489664, 
80.9505,248,489664, 
80.9505,249,489664, 
80.9506,250,489664, 
80.9507,251,489664, 
80.9508,252,489664, 
80.9508,253,489664, 
80.9509,254,489664, 
85.1553,255,489664, 
85.1557,256,489664, 
88.8338,257,489664, 
88.8343,258,489664, 
88.8344,259,489664, 
88.8345,260,489664, 
88.8346,261,489664, 
88.8346,262,489664, 
88.8347,263,489664, 
88.8348,264,489664, 
88.8349,265,489664, 
88.8349,266,489664, 
88.8351,267,489664, 
92.7011,268,489664, 
92.7013,269,489664, 
92.702,270,489664, 
92.7021,271,489664, 
92.7022,272,489664, 
92.7023,273,489664, 
92.7026,274,489664, 
92.7029,275,489664, 
92.7033,276,489664, 
92.7035,277,489664, 
92.7039,278,489664, 
92.704,279,489664, 
96.5578,280,489664, 
96.558,281,489664, 
100.094,282,489664, 
100.094,283,489664, 
100.095,284,489664, 
100.095,285,489664, 
100.095,286,489664, 
100.095,287,489664, 
100.096,288,489664, 
100.096,289,489664, 
100.096,290,489664, 
100.096,291,489664, 
100.096,292,489664, 
100.096,293,489664, 
103.095,294,489664, 
103.096,295,489664, 
103.096,296,489664, 
103.096,297,489664, 
103.097,298,489664, 
103.097,299,489664, 
103.097,300,489664, 
103.097,301,489664, 
103.097,302,489664, 
103.097,303,489664, 
103.097,304,489664, 
103.097,305,489664, 
103.097,306,489664, 
103.097,307,489664, 
103.097,308,489664, 
106.91,309,489664, 
111.501,310,489664, 
116.453,311,489664, 
116.454,312,489664, 
116.454,313,489664, 
time,iteration,cost, 
0.0709151,0,489664, 
0.191928,1,489664, 
0.312233,2,489664, 
0.312816,3,489664, 
0.312895,4,489664, 
0.57482,5,489664, 
0.575566,6,489664, 
0.575726,7,489664, 
0.852387,8,489664, 
0.852529,9,489664, 
1.24552,10,489664, 
1.71385,11,489664, 
1.71398,12,489664, 
1.71404,13,489664, 
1.71414,14,489664, 
1.71421,15,489664, 
1.71471,16,489664, 
1.7148,17,489664, 
1.71488,18,489664, 
1.71494,19,489664, 
1.71501,20,489664, 
2.33859,21,489664, 
2.88677,22,489664, 
2.88692,23,489664, 
2.887,24,489664, 
3.56116,25,489664, 
3.5613,26,489664, 
4.38218,27,489664, 
4.38261,28,489664, 
4.38268,29,489664, 
4.38275,30,489664, 
5.13031,31,489664, 
5.13044,32,489664, 
6.09028,33,489664, 
7.11958,34,489664, 
8.27655,35,489664, 
8.27702,36,489664, 
8.27711,37,489664, 
9.46625,38,489664, 
9.4664,39,489664, 
9.46649,40,489664, 
9.46655,41,489664, 
9.46663,42,489664, 
9.46686,43,489664, 
9.46692,44,489664, 
9.46699,45,489664, 
10.7774,46,489664, 
10.7775,47,489664, 
11.983,48,489664, 
11.9831,49,489664, 
11.9832,50,489664, 
11.9833,51,489664, 
13.0739,52,489664, 
13.074,53,489664, 
13.0741,54,489664, 
13.0742,55,489664, 
13.0742,56,489664, 
13.0743,57,489664, 
13.0744,58,489664, 
13.0745,59,489664, 
13.0745,60,489664, 
13.0746,61,489664, 
13.0749,62,489664, 
13.075,63,489664, 
13.0751,64,489664, 
13.0752,65,489664, 
13.0753,66,489664, 
13.0754,67,489664, 
13.0754,68,489664, 
13.0755,69,489664, 
14.7014,70,489664, 
14.7016,71,489664, 
16.015,72,489664, 
17.7149,73,489664, 
17.715,74,489664, 
17.7151,75,489664, 
17.7152,76,489664, 
17.7154,77,489664, 
17.7154,78,489664, 
17.7155,79,489664, 
19.301,80,489664, 
19.3017,81,489664, 
19.3018,82,489664, 
19.3019,83,489664, 
19.3019,84,489664, 
19.302,85,489664, 
19.3021,86,489664, 
19.3022,87,489664, 
19.3022,88,489664, 
19.3023,89,489664, 
20.8236,90,489664, 
20.8238,91,489664, 
20.8239,92,489664, 
20.8239,93,489664, 
20.824,94,489664, 
20.8241,95,489664, 
22.6577,96,489664, 
22.6578,97,489664, 
22.6579,98,489664, 
22.658,99,489664, 
22.6581,100,489664, 
24.306,101,489664, 
24.3062,102,489664, 
24.3063,103,489664, 
26.8621,104,489664, 
26.8628,105,489664, 
26.8629,106,489664, 
26.8629,107,489664, 
26.863,108,489664, 
26.8631,109,489664, 
29.077,110,489664, 
29.0776,111,489664, 
29.0778,112,489664, 
29.0778,113,489664, 
29.0779,114,489664, 
29.078,115,489664, 
29.0781,116,489664, 
31.4572,117,489664, 
31.4573,118,489664, 
33.5039,119,489664, 
33.5044,120,489664, 
33.5045,121,489664, 
35.4873,122,489664, 
35.4875,123,489664, 
35.4876,124,489664, 
35.4877,125,489664, 
38.0824,126,489664, 
38.083,127,489664, 
38.0831,128,489664, 
38.0831,129,489664, 
38.0833,130,489664, 
38.0833,131,489664, 
38.0834,132,489664, 
38.0835,133,489664, 
38.0835,134,489664, 
38.0837,135,489664, 
38.0838,136,489664, 
38.0838,137,489664, 
38.0839,138,489664, 
40.4682,139,489664, 
40.4684,140,489664, 
40.4685,141,489664, 
40.4685,142,489664, 
40.4686,143,489664, 
40.4687,144,489664, 
42.8758,145,489664, 
45.1888,146,489664, 
45.1889,147,489664, 
45.189,148,489664, 
45.1891,149,489664, 
45.1892,150,489664, 
45.1892,151,489664, 
45.1893,152,489664, 
45.1894,153,489664, 
45.1895,154,489664, 
45.1896,155,489664, 
45.1897,156,489664, 
45.1897,157,489664, 
48.2596,158,489664, 
48.2603,159,489664, 
48.2603,160,489664, 
48.2604,161,489664, 
48.2605,162,489664, 
48.2606,163,489664, 
48.2606,164,489664, 
48.2607,165,489664, 
48.2608,166,489664, 
48.2609,167,489664, 
48.2609,168,489664, 
48.261,169,489664, 
48.2611,170,489664, 
48.2612,171,489664, 
48.2612,172,489664, 
48.2613,173,489664, 
48.2614,174,489664, 
48.2615,175,489664, 
48.2619,176,489664, 
48.262,177,489664, 
50.6641,178,489664, 
50.6642,179,489664, 
50.6643,180,489664, 
50.6644,181,489664, 
50.6644,182,489664, 
50.6645,183,489664, 
50.6646,184,489664, 
50.6646,185,489664, 
50.6647,186,489664, 
50.6648,187,489664, 
53.7653,188,489664, 
53.7655,189,489664, 
56.7897,190,489664, 
59.7267,191,489664, 
59.7269,192,489664, 
59.727,193,489664, 
59.7271,194,489664, 
59.7271,195,489664, 
59.7273,196,489664, 
59.7274,197,489664, 
62.9271,198,489664, 
65.978,199,489664, 
69.0873,200,489664, 
69.0875,201,489664, 
69.0876,202,489664, 
69.0877,203,489664, 
69.0878,204,489664, 
69.0879,205,489664, 
69.088,206,489664, 
69.088,207,489664, 
69.0881,208,489664, 
69.0886,209,489664, 
72.3174,210,489664, 
72.3176,211,489664, 
75.7685,212,489664, 
75.7686,213,489664, 
75.7687,214,489664, 
75.7688,215,489664, 
75.7688,216,489664, 
75.7689,217,489664, 
75.769,218,489664, 
75.769,219,489664, 
75.7691,220,489664, 
75.7692,221,489664, 
75.7693,222,489664, 
75.7693,223,489664, 
75.7694,224,489664, 
75.7695,225,489664, 
75.7696,226,489664, 
75.7697,227,489664, 
75.7698,228,489664, 
75.7698,229,489664, 
75.7699,230,489664, 
75.77,231,489664, 
75.77,232,489664, 
79.0187,233,489664, 
79.0188,234,489664, 
79.0192,235,489664, 
79.0193,236,489664, 
79.0194,237,489664, 
79.0195,238,489664, 
79.0196,239,489664, 
79.0197,240,489664, 
79.0198,241,489664, 
79.0199,242,489664, 
79.0199,243,489664, 
79.02,244,489664, 
79.0201,245,489664, 
82.2692,246,489664, 
82.2698,247,489664, 
82.2699,248,489664, 
82.27,249,489664, 
82.27,250,489664, 
82.2701,251,489664, 
82.2706,252,489664, 
82.271,253,489664, 
82.271,254,489664, 
82.2711,255,489664, 
82.2712,256,489664, 
85.9812,257,489664, 
85.9819,258,489664, 
85.982,259,489664, 
88.9203,260,489664, 
88.9204,261,489664, 
92.4569,262,489664, 
92.457,263,489664, 
92.4571,264,489664, 
92.4572,265,489664, 
96.4166,266,489664, 
99.9534,267,489664, 
103.65,268,489664, 
103.65,269,489664, 
103.65,270,489664, 
103.65,271,489664, 
103.65,272,489664, 
103.65,273,489664, 
103.65,274,489664, 
103.65,275,489664, 
103.651,276,489664, 
103.651,277,489664, 
103.651,278,489664, 
103.651,279,489664, 
103.651,280,489664, 
103.651,281,489664, 
103.651,282,489664, 
103.651,283,489664, 
107.75,284,489664, 
107.75,285,489664, 
107.75,286,489664, 
107.75,287,489664, 
111.747,288,489664, 
111.748,289,489664, 
111.748,290,489664, 
111.748,291,489664, 
111.748,292,489664, 
111.748,293,489664, 
111.748,294,489664, 
111.748,295,489664, 
111.749,296,489664, 
111.749,297,489664, 
111.749,298,489664, 
111.749,299,489664, 
111.749,300,489664, 
116.141,301,489664, 
116.141,302,489664, 
116.141,303,489664, 
116.141,304,489664, 
116.142,305,489664, 
time,iteration,cost, 
0.0665597,0,489664, 
0.0667042,1,489664, 
0.0667696,2,489664, 
0.0668302,3,489664, 
0.0668957,4,489664, 
0.166635,5,489664, 
0.166753,6,489664, 
0.166828,7,489664, 
0.166892,8,489664, 
0.166945,9,489664, 
0.166997,10,489664, 
0.167396,11,489664, 
0.167484,12,489664, 
0.16756,13,489664, 
0.16767,14,489664, 
0.321854,15,489664, 
0.32196,16,489664, 
0.610933,17,489664, 
0.611079,18,489664, 
0.880869,19,489664, 
1.27343,20,489664, 
1.27367,21,489664, 
1.27381,22,489664, 
1.27391,23,489664, 
1.27397,24,489664, 
1.73133,25,489664, 
1.73186,26,489664, 
1.73196,27,489664, 
1.73203,28,489664, 
1.73213,29,489664, 
1.7322,30,489664, 
2.27787,31,489664, 
2.76797,32,489664, 
2.76812,33,489664, 
2.76819,34,489664, 
2.76827,35,489664, 
2.76835,36,489664, 
2.76843,37,489664, 
3.51537,38,489664, 
3.51551,39,489664, 
3.5156,40,489664, 
4.10621,41,489664, 
4.77184,42,489664, 
4.77198,43,489664, 
4.77207,44,489664, 
5.5864,45,489664, 
5.58653,46,489664, 
5.5866,47,489664, 
5.58667,48,489664, 
5.58673,49,489664, 
5.58681,50,489664, 
5.58729,51,489664, 
5.58738,52,489664, 
6.35177,53,489664, 
6.35192,54,489664, 
6.35202,55,489664, 
6.35209,56,489664, 
6.35216,57,489664, 
6.35223,58,489664, 
6.35231,59,489664, 
6.35237,60,489664, 
6.35246,61,489664, 
6.35252,62,489664, 
7.54751,63,489664, 
7.54797,64,489664, 
7.54803,65,489664, 
7.5481,66,489664, 
7.5486,67,489664, 
7.54868,68,489664, 
7.54875,69,489664, 
7.54884,70,489664, 
7.54894,71,489664, 
7.54899,72,489664, 
7.54906,73,489664, 
7.54912,74,489664, 
7.54921,75,489664, 
7.54935,76,489664, 
7.54942,77,489664, 
8.79919,78,489664, 
8.79932,79,489664, 
8.79941,80,489664, 
8.79949,81,489664, 
8.79956,82,489664, 
8.79963,83,489664, 
8.79973,84,489664, 
8.80008,85,489664, 
8.80041,86,489664, 
8.80048,87,489664, 
8.80056,88,489664, 
8.80065,89,489664, 
9.89747,90,489664, 
9.89762,91,489664, 
9.89772,92,489664, 
9.89779,93,489664, 
9.89785,94,489664, 
10.976,95,489664, 
10.9762,96,489664, 
10.9767,97,489664, 
10.9768,98,489664, 
10.9768,99,489664, 
10.9769,100,489664, 
10.977,101,489664, 
12.0532,102,489664, 
12.0534,103,489664, 
13.3055,104,489664, 
13.3057,105,489664, 
14.518,106,489664, 
14.5181,107,489664, 
14.5182,108,489664, 
16.2453,109,489664, 
17.8184,110,489664, 
17.8185,111,489664, 
17.8186,112,489664, 
17.8187,113,489664, 
17.8192,114,489664, 
19.6222,115,489664, 
19.6227,116,489664, 
21.3598,117,489664, 
21.3599,118,489664, 
21.36,119,489664, 
21.3601,120,489664, 
23.0439,121,489664, 
23.0444,122,489664, 
23.0445,123,489664, 
23.0445,124,489664, 
24.473,125,489664, 
24.4731,126,489664, 
26.569,127,489664, 
26.5691,128,489664, 
26.5692,129,489664, 
26.5693,130,489664, 
26.5698,131,489664, 
26.5699,132,489664, 
26.57,133,489664, 
26.57,134,489664, 
26.5701,135,489664, 
26.5702,136,489664, 
26.5703,137,489664, 
28.9144,138,489664, 
28.9147,139,489664, 
28.9148,140,489664, 
28.9149,141,489664, 
28.915,142,489664, 
28.915,143,489664, 
28.9151,144,489664, 
28.9152,145,489664, 
28.9153,146,489664, 
28.9154,147,489664, 
28.9155,148,489664, 
28.9155,149,489664, 
28.9156,150,489664, 
28.9157,151,489664, 
28.9158,152,489664, 
28.9158,153,489664, 
31.3705,154,489664, 
31.3707,155,489664, 
31.3708,156,489664, 
33.522,157,489664, 
33.5221,158,489664, 
33.5222,159,489664, 
33.5223,160,489664, 
33.5224,161,489664, 
33.5228,162,489664, 
33.5229,163,489664, 
33.5229,164,489664, 
33.523,165,489664, 
33.5231,166,489664, 
35.9261,167,489664, 
35.9263,168,489664, 
35.9263,169,489664, 
35.9264,170,489664, 
35.9273,171,489664, 
35.9274,172,489664, 
35.9278,173,489664, 
35.9282,174,489664, 
35.9283,175,489664, 
35.9283,176,489664, 
35.9284,177,489664, 
35.9285,178,489664, 
35.9286,179,489664, 
35.9289,180,489664, 
35.9289,181,489664, 
35.9291,182,489664, 
35.9294,183,489664, 
35.9295,184,489664, 
35.9296,185,489664, 
35.9297,186,489664, 
38.1604,187,489664, 
38.1608,188,489664, 
38.1609,189,489664, 
38.161,190,489664, 
38.1611,191,489664, 
38.1611,192,489664, 
38.1613,193,489664, 
38.1613,194,489664, 
38.1614,195,489664, 
38.1615,196,489664, 
40.5226,197,489664, 
40.5228,198,489664, 
40.5229,199,489664, 
43.2232,200,489664, 
43.2233,201,489664, 
43.2234,202,489664, 
43.2235,203,489664, 
43.2236,204,489664, 
45.9128,205,489664, 
45.9129,206,489664, 
45.913,207,489664, 
45.9131,208,489664, 
45.9131,209,489664, 
45.9138,210,489664, 
49.0571,211,489664, 
49.0573,212,489664, 
49.0574,213,489664, 
49.0574,214,489664, 
51.3273,215,489664, 
54.0615,216,489664, 
54.0617,217,489664, 
54.0618,218,489664, 
54.0618,219,489664, 
54.0625,220,489664, 
56.7745,221,489664, 
60.211,222,489664, 
62.9168,223,489664, 
62.9171,224,489664, 
62.9172,225,489664, 
62.9173,226,489664, 
62.9174,227,489664, 
62.9179,228,489664, 
62.9179,229,489664, 
62.918,230,489664, 
62.9181,231,489664, 
66.2707,232,489664, 
66.2714,233,489664, 
66.2716,234,489664, 
66.272,235,489664, 
66.2721,236,489664, 
66.2722,237,489664, 
66.2722,238,489664, 
66.2723,239,489664, 
66.2724,240,489664, 
66.2724,241,489664, 
66.2725,242,489664, 
66.2726,243,489664, 
66.2727,244,489664, 
66.2727,245,489664, 
66.2728,246,489664, 
66.2729,247,489664, 
66.2729,248,489664, 
66.2733,249,489664, 
66.2734,250,489664, 
70.0543,251,489664, 
72.5591,252,489664, 
72.5593,253,489664, 
72.5594,254,489664, 
72.5594,255,489664, 
72.5595,256,489664, 
72.5599,257,489664, 
72.56,258,489664, 
75.9213,259,489664, 
75.9215,260,489664, 
75.9216,261,489664, 
75.9217,262,489664, 
79.7904,263,489664, 
82.4328,264,489664, 
82.433,265,489664, 
82.4331,266,489664, 
82.4335,267,489664, 
86.4917,268,489664, 
86.492,269,489664, 
86.4921,270,489664, 
86.4922,271,489664, 
86.4923,272,489664, 
90.241,273,489664, 
90.2412,274,489664, 
90.2412,275,489664, 
90.2413,276,489664, 
90.2414,277,489664, 
90.2415,278,489664, 
90.2416,279,489664, 
90.2417,280,489664, 
90.2418,281,489664, 
90.2419,282,489664, 
90.242,283,489664, 
90.242,284,489664, 
90.2421,285,489664, 
90.2422,286,489664, 
90.2426,287,489664, 
94.0023,288,489664, 
94.0024,289,489664, 
94.0025,290,489664, 
94.003,291,489664, 
94.0031,292,489664, 
94.0032,293,489664, 
94.0033,294,489664, 
94.0033,295,489664, 
94.0034,296,489664, 
94.0035,297,489664, 
94.0036,298,489664, 
94.0036,299,489664, 
94.0037,300,489664, 
94.0038,301,489664, 
94.0039,302,489664, 
94.0039,303,489664, 
94.004,304,489664, 
94.004,305,489664, 
94.0041,306,489664, 
94.0042,307,489664, 
94.0043,308,489664, 
94.0046,309,489664, 
94.0047,310,489664, 
94.0048,311,489664, 
94.0049,312,489664, 
94.0049,313,489664, 
94.005,314,489664, 
94.0051,315,489664, 
94.0051,316,489664, 
94.0052,317,489664, 
94.0053,318,489664, 
98.1081,319,489664, 
102.197,320,489664, 
102.197,321,489664, 
106.326,322,489664, 
110.362,323,489664, 
110.362,324,489664, 
114.38,325,489664, 
114.38,326,489664, 
114.38,327,489664, 
114.38,328,489664, 
114.38,329,489664, 
118.707,330,489664, 
time,iteration,cost, 
0.0664006,0,489664, 
0.0665475,1,489664, 
0.066616,2,489664, 
0.0666682,3,489664, 
0.0667408,4,489664, 
0.06681,5,489664, 
0.211418,6,489664, 
0.211547,7,489664, 
0.211664,8,489664, 
0.343534,9,489664, 
0.343744,10,489664, 
0.531434,11,489664, 
0.531605,12,489664, 
0.531753,13,489664, 
0.531838,14,489664, 
0.531906,15,489664, 
0.531998,16,489664, 
0.532057,17,489664, 
0.927515,18,489664, 
0.92776,19,489664, 
0.927838,20,489664, 
0.927909,21,489664, 
0.927992,22,489664, 
0.928061,23,489664, 
1.28248,24,489664, 
1.65354,25,489664, 
1.65379,26,489664, 
2.21737,27,489664, 
2.85065,28,489664, 
2.85078,29,489664, 
2.85085,30,489664, 
2.85092,31,489664, 
2.85099,32,489664, 
2.85106,33,489664, 
2.85116,34,489664, 
2.85123,35,489664, 
3.59452,36,489664, 
3.59466,37,489664, 
4.40208,38,489664, 
4.40222,39,489664, 
4.96593,40,489664, 
5.83997,41,489664, 
5.84013,42,489664, 
5.84072,43,489664, 
5.84079,44,489664, 
5.84088,45,489664, 
6.95141,46,489664, 
6.95155,47,489664, 
6.95166,48,489664, 
6.95176,49,489664, 
6.9522,50,489664, 
6.95228,51,489664, 
6.95235,52,489664, 
7.74997,53,489664, 
7.75013,54,489664, 
7.75021,55,489664, 
7.75029,56,489664, 
7.75036,57,489664, 
7.75043,58,489664, 
7.7505,59,489664, 
7.75059,60,489664, 
7.75069,61,489664, 
7.75076,62,489664, 
8.65757,63,489664, 
9.82496,64,489664, 
9.8251,65,489664, 
9.82518,66,489664, 
9.82527,67,489664, 
9.82534,68,489664, 
9.82542,69,489664, 
9.8255,70,489664, 
11.2384,71,489664, 
11.2385,72,489664, 
11.2386,73,489664, 
11.239,74,489664, 
12.692,75,489664, 
12.6921,76,489664, 
14.0516,77,489664, 
14.0518,78,489664, 
14.0519,79,489664, 
15.4877,80,489664, 
16.891,81,489664, 
18.1593,82,489664, 
18.1595,83,489664, 
18.1595,84,489664, 
18.1597,85,489664, 
19.9904,86,489664, 
19.9905,87,489664, 
19.9906,88,489664, 
19.9907,89,489664, 
19.9908,90,489664, 
19.9909,91,489664, 
19.9909,92,489664, 
19.9913,93,489664, 
19.9914,94,489664, 
19.9915,95,489664, 
19.9916,96,489664, 
19.9916,97,489664, 
19.9918,98,489664, 
19.9918,99,489664, 
19.9919,100,489664, 
19.992,101,489664, 
19.9924,102,489664, 
19.9925,103,489664, 
19.9925,104,489664, 
19.9926,105,489664, 
21.5035,106,489664, 
21.5036,107,489664, 
21.5037,108,489664, 
21.5038,109,489664, 
21.5039,110,489664, 
21.504,111,489664, 
21.504,112,489664, 
21.5041,113,489664, 
21.5042,114,489664, 
21.5043,115,489664, 
21.5043,116,489664, 
23.1146,117,489664, 
23.1147,118,489664, 
23.1148,119,489664, 
23.1148,120,489664, 
23.1149,121,489664, 
23.115,122,489664, 
23.1151,123,489664, 
23.1152,124,489664, 
23.1153,125,489664, 
23.1154,126,489664, 
23.1154,127,489664, 
23.1155,128,489664, 
23.1156,129,489664, 
23.1157,130,489664, 
23.1158,131,489664, 
23.1159,132,489664, 
23.116,133,489664, 
23.1161,134,489664, 
25.0544,135,489664, 
25.0545,136,489664, 
25.0546,137,489664, 
25.0547,138,489664, 
25.0548,139,489664, 
25.0549,140,489664, 
25.0549,141,489664, 
25.055,142,489664, 
25.0551,143,489664, 
25.0551,144,489664, 
25.0552,145,489664, 
25.0553,146,489664, 
25.0554,147,489664, 
25.0554,148,489664, 
25.0555,149,489664, 
26.9542,150,489664, 
26.9543,151,489664, 
26.9544,152,489664, 
26.9545,153,489664, 
26.9546,154,489664, 
26.9547,155,489664, 
29.198,156,489664, 
29.1982,157,489664, 
29.1982,158,489664, 
30.9894,159,489664, 
33.7285,160,489664, 
33.7286,161,489664, 
33.7291,162,489664, 
33.7292,163,489664, 
33.7293,164,489664, 
33.7293,165,489664, 
33.7294,166,489664, 
33.7295,167,489664, 
33.73,168,489664, 
35.5279,169,489664, 
35.528,170,489664, 
35.5286,171,489664, 
35.5287,172,489664, 
35.5288,173,489664, 
35.5288,174,489664, 
35.5289,175,489664, 
35.529,176,489664, 
35.5291,177,489664, 
35.5294,178,489664, 
35.5296,179,489664, 
37.8311,180,489664, 
40.3647,181,489664, 
40.3652,182,489664, 
40.3653,183,489664, 
40.3654,184,489664, 
40.3655,185,489664, 
40.3656,186,489664, 
40.3656,187,489664, 
40.3657,188,489664, 
42.9428,189,489664, 
42.943,190,489664, 
42.9434,191,489664, 
42.9435,192,489664, 
42.9436,193,489664, 
42.9439,194,489664, 
45.7808,195,489664, 
45.7809,196,489664, 
45.781,197,489664, 
45.781,198,489664, 
45.7811,199,489664, 
45.7812,200,489664, 
45.7813,201,489664, 
45.7813,202,489664, 
45.7814,203,489664, 
48.6947,204,489664, 
48.6949,205,489664, 
48.695,206,489664, 
48.695,207,489664, 
48.6951,208,489664, 
48.6952,209,489664, 
48.6953,210,489664, 
48.6954,211,489664, 
48.6954,212,489664, 
48.6955,213,489664, 
48.6956,214,489664, 
48.6957,215,489664, 
51.2095,216,489664, 
51.2096,217,489664, 
51.2097,218,489664, 
51.2098,219,489664, 
51.2099,220,489664, 
51.2099,221,489664, 
51.21,222,489664, 
51.2101,223,489664, 
51.2102,224,489664, 
51.2103,225,489664, 
51.2104,226,489664, 
51.2104,227,489664, 
54.1772,228,489664, 
54.1773,229,489664, 
54.1774,230,489664, 
54.1775,231,489664, 
54.1776,232,489664, 
56.6838,233,489664, 
60.0861,234,489664, 
60.0862,235,489664, 
60.0863,236,489664, 
60.0864,237,489664, 
60.0865,238,489664, 
60.0865,239,489664, 
60.0866,240,489664, 
60.0867,241,489664, 
60.0868,242,489664, 
60.0869,243,489664, 
60.087,244,489664, 
60.087,245,489664, 
60.0871,246,489664, 
60.0872,247,489664, 
60.0872,248,489664, 
60.0873,249,489664, 
63.0699,250,489664, 
65.262,251,489664, 
65.2622,252,489664, 
65.2623,253,489664, 
65.2624,254,489664, 
65.2624,255,489664, 
65.2625,256,489664, 
68.4879,257,489664, 
68.488,258,489664, 
72.0748,259,489664, 
72.075,260,489664, 
72.0751,261,489664, 
75.443,262,489664, 
75.4431,263,489664, 
75.4432,264,489664, 
75.4434,265,489664, 
75.4434,266,489664, 
79.53,267,489664, 
79.5301,268,489664, 
79.5307,269,489664, 
79.5308,270,489664, 
79.5311,271,489664, 
79.5312,272,489664, 
79.5316,273,489664, 
79.5318,274,489664, 
79.5319,275,489664, 
79.5319,276,489664, 
79.532,277,489664, 
79.5321,278,489664, 
79.5321,279,489664, 
79.5322,280,489664, 
83.4347,281,489664, 
83.4349,282,489664, 
83.4352,283,489664, 
83.4353,284,489664, 
83.4354,285,489664, 
83.4355,286,489664, 
83.4356,287,489664, 
83.4357,288,489664, 
83.4358,289,489664, 
83.4359,290,489664, 
87.479,291,489664, 
87.4791,292,489664, 
87.4795,293,489664, 
87.4799,294,489664, 
87.48,295,489664, 
87.4801,296,489664, 
87.4802,297,489664, 
90.9095,298,489664, 
90.9097,299,489664, 
90.9098,300,489664, 
90.9099,301,489664, 
90.91,302,489664, 
90.9101,303,489664, 
90.9101,304,489664, 
90.9102,305,489664, 
90.9103,306,489664, 
90.9104,307,489664, 
90.9104,308,489664, 
90.9105,309,489664, 
90.9106,310,489664, 
94.2381,311,489664, 
94.2383,312,489664, 
94.2383,313,489664, 
94.2384,314,489664, 
97.9861,315,476354, 
97.9862,316,476354, 
97.9863,317,476354, 
101.592,318,476354, 
101.592,319,476354, 
101.592,320,476354, 
101.592,321,476354, 
105.42,322,476354, 
105.42,323,476354, 
105.42,324,476354, 
105.42,325,476354, 
105.421,326,476354, 
105.421,327,476354, 
105.421,328,476354, 
105.421,329,476354, 
105.421,330,476354, 
105.421,331,476354, 
108.859,332,476354, 
108.859,333,476354, 
112.704,334,476354, 
112.704,335,476354, 
112.704,336,476354, 
112.705,337,476354, 
112.705,338,476354, 
112.705,339,476354, 
116.255,340,476354, 
116.255,341,476354, 
116.256,342,476354, 
116.256,343,476354, 
116.256,344,476354, 
116.256,345,476354, 
time,iteration,cost, 
0.065082,0,489664, 
0.0652117,1,489664, 
0.0656996,2,489664, 
0.0657927,3,489664, 
0.065862,4,489664, 
0.0659206,5,489664, 
0.0659736,6,489664, 
0.0660534,7,489664, 
0.0661219,8,489664, 
0.156855,9,489664, 
0.29847,10,489664, 
0.298667,11,489664, 
0.298751,12,489664, 
0.298823,13,489664, 
0.29891,14,489664, 
0.298967,15,489664, 
0.485549,16,489664, 
0.485747,17,489664, 
0.485826,18,489664, 
0.485892,19,489664, 
0.485953,20,489664, 
0.486028,21,489664, 
0.486102,22,489664, 
0.486188,23,489664, 
0.780091,24,489664, 
1.23124,25,489664, 
1.23137,26,489664, 
1.61638,27,489664, 
2.183,28,489664, 
2.18311,29,489664, 
2.1832,30,489664, 
2.18329,31,489664, 
2.18337,32,489664, 
2.18344,33,489664, 
2.1835,34,489664, 
2.18356,35,489664, 
2.18365,36,489664, 
2.18374,37,489664, 
2.18381,38,489664, 
2.62679,39,489664, 
2.62691,40,489664, 
2.627,41,489664, 
2.62706,42,489664, 
2.62716,43,489664, 
3.08968,44,489664, 
3.76614,45,489664, 
4.41499,46,489664, 
5.07305,47,489664, 
5.07315,48,489664, 
5.07322,49,489664, 
5.07336,50,489664, 
5.86782,51,489664, 
5.86796,52,489664, 
5.86805,53,489664, 
5.86813,54,489664, 
5.86819,55,489664, 
5.86826,56,489664, 
5.86833,57,489664, 
6.67836,58,489664, 
7.58292,59,489664, 
7.58304,60,489664, 
7.58313,61,489664, 
7.58321,62,489664, 
8.65885,63,489664, 
8.65894,64,489664, 
8.65901,65,489664, 
8.65908,66,489664, 
8.65914,67,489664, 
8.65924,68,489664, 
9.83031,69,489664, 
11.2262,70,489664, 
11.2263,71,489664, 
11.2264,72,489664, 
11.2265,73,489664, 
11.2265,74,489664, 
11.2266,75,489664, 
11.2267,76,489664, 
11.2267,77,489664, 
11.2268,78,489664, 
11.2268,79,489664, 
12.3353,80,489664, 
12.3354,81,489664, 
12.3355,82,489664, 
12.3356,83,489664, 
13.8182,84,489664, 
15.1344,85,489664, 
15.1347,86,489664, 
15.1348,87,489664, 
15.1348,88,489664, 
15.1349,89,489664, 
15.135,90,489664, 
15.1351,91,489664, 
15.1351,92,489664, 
15.1352,93,489664, 
15.1353,94,489664, 
15.1354,95,489664, 
15.1354,96,489664, 
16.811,97,489664, 
16.8112,98,489664, 
16.8112,99,489664, 
16.8113,100,489664, 
16.8114,101,489664, 
16.8115,102,489664, 
18.4907,103,489664, 
18.4911,104,489664, 
20.3201,105,489664, 
20.3202,106,489664, 
22.1486,107,489664, 
22.1487,108,489664, 
22.1488,109,489664, 
23.9587,110,489664, 
23.9588,111,489664, 
23.9593,112,489664, 
23.9594,113,489664, 
23.9595,114,489664, 
23.9596,115,489664, 
23.9597,116,489664, 
23.9598,117,489664, 
23.9599,118,489664, 
23.9599,119,489664, 
23.96,120,489664, 
23.9601,121,489664, 
23.9607,122,489664, 
23.9608,123,489664, 
23.9609,124,489664, 
23.961,125,489664, 
23.961,126,489664, 
23.9611,127,489664, 
23.9612,128,489664, 
23.9617,129,489664, 
25.8576,130,489664, 
25.8578,131,489664, 
27.7685,132,489664, 
27.7686,133,489664, 
27.7687,134,489664, 
29.6524,135,489664, 
29.6526,136,489664, 
31.8179,137,489664, 
34.6152,138,489664, 
34.6153,139,489664, 
34.6154,140,489664, 
34.6155,141,489664, 
36.71,142,489664, 
36.7102,143,489664, 
36.7103,144,489664, 
36.7104,145,489664, 
39.4085,146,489664, 
39.4086,147,489664, 
39.4087,148,489664, 
39.4087,149,489664, 
39.4088,150,489664, 
41.2317,151,489664, 
41.2318,152,489664, 
41.2319,153,489664, 
41.232,154,489664, 
41.232,155,489664, 
41.2321,156,489664, 
41.2322,157,489664, 
41.2323,158,489664, 
41.2324,159,489664, 
41.2324,160,489664, 
43.2679,161,489664, 
43.2681,162,489664, 
43.2682,163,489664, 
46.0062,164,489664, 
46.0064,165,489664, 
46.0064,166,489664, 
48.7015,167,489664, 
51.0382,168,489664, 
51.0383,169,489664, 
51.0384,170,489664, 
51.0385,171,489664, 
51.0385,172,489664, 
51.0386,173,489664, 
51.0387,174,489664, 
51.0388,175,489664, 
51.0388,176,489664, 
51.0389,177,489664, 
51.039,178,489664, 
51.0391,179,489664, 
51.0392,180,489664, 
51.0392,181,489664, 
53.3883,182,489664, 
53.3884,183,489664, 
53.3886,184,489664, 
53.3886,185,489664, 
55.5184,186,489664, 
55.5185,187,489664, 
55.5186,188,489664, 
55.5186,189,489664, 
55.5187,190,489664, 
55.5188,191,489664, 
55.5189,192,489664, 
55.5189,193,489664, 
58.3148,194,489664, 
58.315,195,489664, 
58.315,196,489664, 
61.2759,197,489664, 
64.4206,198,489664, 
64.4207,199,489664, 
64.4208,200,489664, 
64.4208,201,489664, 
64.4209,202,489664, 
64.421,203,489664, 
64.421,204,489664, 
64.4211,205,489664, 
64.4212,206,489664, 
64.4218,207,489664, 
64.4219,208,489664, 
64.422,209,489664, 
64.4221,210,489664, 
64.4221,211,489664, 
64.4222,212,489664, 
64.4223,213,489664, 
64.4223,214,489664, 
64.4224,215,489664, 
64.4225,216,489664, 
64.4225,217,489664, 
67.7592,218,489664, 
67.7593,219,489664, 
70.829,220,489664, 
70.8291,221,489664, 
70.8292,222,489664, 
70.8293,223,489664, 
70.8294,224,489664, 
70.83,225,489664, 
70.8301,226,489664, 
73.9672,227,489664, 
73.9674,228,489664, 
73.9674,229,489664, 
73.9675,230,489664, 
73.9676,231,489664, 
77.2232,232,489664, 
77.2238,233,489664, 
77.2239,234,489664, 
77.224,235,489664, 
77.2241,236,489664, 
81.2127,237,489664, 
81.2129,238,489664, 
81.2129,239,489664, 
85.4365,240,489664, 
85.4367,241,489664, 
85.4367,242,489664, 
85.4368,243,489664, 
85.4369,244,489664, 
85.4372,245,489664, 
85.4374,246,489664, 
85.4374,247,489664, 
85.4379,248,489664, 
85.438,249,489664, 
85.4381,250,489664, 
88.5889,251,489664, 
88.589,252,489664, 
88.5891,253,489664, 
88.5892,254,489664, 
88.5893,255,489664, 
88.5894,256,489664, 
88.5894,257,489664, 
88.5903,258,489664, 
88.5904,259,489664, 
88.5905,260,489664, 
88.5905,261,489664, 
88.5906,262,489664, 
88.5907,263,489664, 
88.5908,264,489664, 
88.5908,265,489664, 
88.5909,266,489664, 
88.591,267,489664, 
92.3099,268,489664, 
92.3101,269,489664, 
92.3101,270,489664, 
92.3107,271,489664, 
92.3111,272,489664, 
92.3112,273,489664, 
92.3113,274,489664, 
92.3113,275,489664, 
95.2988,276,489664, 
95.2989,277,489664, 
98.664,278,489664, 
98.6641,279,489664, 
98.6642,280,489664, 
98.6643,281,489664, 
98.6644,282,489664, 
98.6644,283,489664, 
98.6645,284,489664, 
98.6646,285,489664, 
102.457,286,489664, 
102.457,287,489664, 
102.457,288,489664, 
102.458,289,489664, 
107.02,290,489664, 
110.944,291,489664, 
110.944,292,489664, 
110.944,293,489664, 
110.944,294,489664, 
110.944,295,489664, 
110.944,296,489664, 
114.941,297,489664, 
114.941,298,489664, 
114.941,299,489664, 
114.941,300,489664, 
114.941,301,489664, 
114.941,302,489664, 
114.941,303,489664, 
119.239,304,489664, 
119.239,305,489664, 
119.239,306,489664, 
119.239,307,489664, 
119.239,308,489664, 
119.239,309,489664, 
119.239,310,489664, 
119.239,311,489664, 
119.24,312,489664, 
119.24,313,489664, 
119.24,314,489664, 
119.24,315,489664, 
119.24,316,489664, 
119.241,317,489664, 
119.241,318,489664, 
119.241,319,489664, 
119.241,320,489664, 
119.241,321,489664, 
119.241,322,489664, 
119.241,323,489664, 
119.241,324,489664, 
119.241,325,489664, 
119.241,326,489664, 
119.241,327,489664, 
119.241,328,489664, 
119.241,329,489664, 
119.242,330,489664, 
119.242,331,489664, 
119.242,332,489664, 
119.242,333,489664, 
119.242,334,489664, 
119.242,335,489664, 
119.242,336,489664, 
119.242,337,489664, 
119.242,338,489664, 
119.243,339,489664, 
119.243,340,489664, 
119.243,341,489664, 
119.243,342,489664, 
119.243,343,489664, 
119.243,344,489664, 
119.243,345,489664, 
119.243,346,489664, 
119.243,347,489664, 
119.243,348,489664, 
119.243,349,489664, 
119.243,350,489664, 
119.243,351,489664, 
119.243,352,489664, 
119.244,353,489664, 
119.244,354,489664, 
119.244,355,489664, 
119.244,356,489664, 
119.244,357,489664, 
119.244,358,489664, 
time,iteration,cost, 
0.068604,0,489664, 
0.177715,1,489664, 
0.337126,2,489664, 
0.337224,3,489664, 
0.337317,4,489664, 
0.59326,5,489664, 
0.839045,6,489664, 
1.25901,7,489664, 
1.25911,8,489664, 
1.25919,9,489664, 
1.78331,10,489664, 
1.78345,11,489664, 
1.78351,12,489664, 
1.78357,13,489664, 
1.78367,14,489664, 
1.78375,15,489664, 
2.27639,16,489664, 
2.27651,17,489664, 
2.27686,18,489664, 
2.27695,19,489664, 
2.27701,20,489664, 
2.27708,21,489664, 
2.27716,22,489664, 
2.27728,23,489664, 
2.27735,24,489664, 
2.27743,25,489664, 
2.9736,26,489664, 
3.52354,27,489664, 
3.52369,28,489664, 
4.2389,29,489664, 
5.14529,30,489664, 
5.14542,31,489664, 
5.14551,32,489664, 
5.14569,33,489664, 
5.14579,34,489664, 
5.14585,35,489664, 
5.14593,36,489664, 
5.98406,37,489664, 
7.03093,38,489664, 
7.03108,39,489664, 
7.03116,40,489664, 
7.03169,41,489664, 
7.03181,42,489664, 
7.03239,43,489664, 
7.03246,44,489664, 
8.09214,45,489664, 
9.38862,46,489664, 
10.8184,47,489664, 
10.819,48,489664, 
10.8191,49,489664, 
12.0749,50,489664, 
13.2031,51,489664, 
14.6097,52,489664, 
14.6099,53,489664, 
14.6099,54,489664, 
14.61,55,489664, 
14.6101,56,489664, 
15.8165,57,489664, 
15.8167,58,489664, 
15.8168,59,489664, 
17.4705,60,489664, 
17.4706,61,489664, 
17.4707,62,489664, 
17.4708,63,489664, 
17.4708,64,489664, 
17.4709,65,489664, 
17.471,66,489664, 
17.4711,67,489664, 
17.4712,68,489664, 
19.3935,69,489664, 
19.3936,70,489664, 
20.9954,71,489664, 
22.5623,72,489664, 
22.5631,73,489664, 
22.5632,74,489664, 
22.5633,75,489664, 
22.5634,76,489664, 
22.5634,77,489664, 
22.5635,78,489664, 
22.5636,79,489664, 
22.5637,80,489664, 
22.5638,81,489664, 
24.4321,82,489664, 
24.4322,83,489664, 
26.4625,84,489664, 
28.5146,85,489664, 
28.5151,86,489664, 
28.5151,87,489664, 
28.5152,88,489664, 
28.5153,89,489664, 
30.8228,90,489664, 
30.8229,91,489664, 
30.823,92,489664, 
30.8231,93,489664, 
30.8236,94,489664, 
30.8237,95,489664, 
30.8238,96,489664, 
30.8238,97,489664, 
30.8239,98,489664, 
30.824,99,489664, 
30.8241,100,489664, 
30.8241,101,489664, 
30.8242,102,489664, 
32.6282,103,489664, 
32.6284,104,489664, 
32.6284,105,489664, 
32.6285,106,489664, 
32.6286,107,489664, 
32.6286,108,489664, 
32.6287,109,489664, 
32.6288,110,489664, 
34.9066,111,489664, 
37.0036,112,489664, 
39.2109,113,489664, 
39.2111,114,489664, 
39.2111,115,489664, 
39.2112,116,489664, 
39.2113,117,489664, 
39.2118,118,489664, 
41.3513,119,489664, 
41.3515,120,489664, 
41.3515,121,489664, 
41.3516,122,489664, 
41.3517,123,489664, 
41.3522,124,489664, 
41.3523,125,489664, 
41.3524,126,489664, 
41.3524,127,489664, 
41.3525,128,489664, 
41.3526,129,489664, 
41.3526,130,489664, 
41.3527,131,489664, 
41.3528,132,489664, 
43.7586,133,489664, 
43.7587,134,489664, 
43.7588,135,489664, 
43.7589,136,489664, 
43.759,137,489664, 
43.759,138,489664, 
43.7591,139,489664, 
43.7592,140,489664, 
46.3052,141,489664, 
46.3053,142,489664, 
46.3054,143,489664, 
46.3055,144,489664, 
49.6035,145,489664, 
49.6036,146,489664, 
49.6037,147,489664, 
49.6038,148,489664, 
49.6039,149,489664, 
49.604,150,489664, 
49.604,151,489664, 
49.6044,152,489664, 
49.6045,153,489664, 
49.6046,154,489664, 
49.6047,155,489664, 
49.6047,156,489664, 
49.6048,157,489664, 
49.6049,158,489664, 
49.605,159,489664, 
52.6366,160,489664, 
52.6368,161,489664, 
52.6369,162,489664, 
52.637,163,489664, 
56.2197,164,489664, 
56.2198,165,489664, 
56.2199,166,489664, 
56.22,167,489664, 
56.22,168,489664, 
56.2201,169,489664, 
56.2207,170,489664, 
56.2212,171,489664, 
56.2213,172,489664, 
56.2214,173,489664, 
56.2215,174,489664, 
56.2216,175,489664, 
56.2217,176,489664, 
56.2218,177,489664, 
56.2219,178,489664, 
56.2219,179,489664, 
56.222,180,489664, 
56.2221,181,489664, 
56.2221,182,489664, 
56.2222,183,489664, 
56.2223,184,489664, 
56.2224,185,489664, 
59.9615,186,489664, 
62.6675,187,489664, 
62.6677,188,489664, 
62.6678,189,489664, 
62.6679,190,489664, 
62.668,191,489664, 
62.668,192,489664, 
62.6681,193,489664, 
62.6681,194,489664, 
65.4932,195,489664, 
65.4934,196,489664, 
65.4935,197,489664, 
69.0613,198,489664, 
69.0614,199,489664, 
72.0547,200,489664, 
72.0549,201,489664, 
72.055,202,489664, 
72.0551,203,489664, 
72.0551,204,489664, 
75.0995,205,489664, 
75.0997,206,489664, 
75.0998,207,489664, 
75.0999,208,489664, 
75.1,209,489664, 
78.5322,210,489664, 
78.5324,211,489664, 
78.5324,212,489664, 
78.5325,213,489664, 
82.5466,214,489664, 
82.5467,215,489664, 
82.5468,216,489664, 
82.5469,217,489664, 
82.5474,218,489664, 
82.5475,219,489664, 
85.3873,220,489664, 
85.3874,221,489664, 
85.3875,222,489664, 
89.7941,223,489664, 
89.7947,224,489664, 
89.7951,225,489664, 
89.7952,226,489664, 
89.7952,227,489664, 
89.7953,228,489664, 
93.9482,229,489664, 
93.9483,230,489664, 
93.9484,231,489664, 
93.9485,232,489664, 
93.9486,233,489664, 
93.9486,234,489664, 
93.9487,235,489664, 
93.9488,236,489664, 
93.9488,237,489664, 
93.9489,238,489664, 
93.949,239,489664, 
93.9491,240,489664, 
93.9492,241,489664, 
93.9493,242,489664, 
97.8617,243,489664, 
97.8619,244,489664, 
97.8625,245,489664, 
97.8626,246,489664, 
97.8626,247,489664, 
97.8627,248,489664, 
97.8628,249,489664, 
97.8628,250,489664, 
97.8629,251,489664, 
97.863,252,489664, 
97.8631,253,489664, 
101.815,254,489664, 
101.815,255,489664, 
101.815,256,489664, 
106.3,257,489664, 
106.3,258,489664, 
106.3,259,489664, 
106.3,260,489664, 
106.3,261,489664, 
106.3,262,489664, 
106.3,263,489664, 
109.732,264,489664, 
109.732,265,489664, 
113.504,266,489664, 
113.505,267,489664, 
113.505,268,489664, 
113.505,269,489664, 
113.505,270,489664, 
113.505,271,489664, 
116.87,272,489664, 
116.87,273,489664, 
116.87,274,489664, 
116.87,275,489664, 
116.87,276,489664, 
116.87,277,489664, 
116.87,278,489664, 
116.87,279,489664, 
116.87,280,489664, 
116.871,281,489664, 
116.871,282,489664, 
116.871,283,489664, 
116.871,284,489664, 
116.871,285,489664, 
116.871,286,489664, 
116.871,287,489664, 
116.871,288,489664, 
116.872,289,489664, 
116.872,290,489664, 
116.872,291,489664, 
116.872,292,489664, 
116.872,293,489664, 
116.872,294,489664, 
116.872,295,489664, 
time,iteration,cost, 
0.0647353,0,489664, 
0.157028,1,489664, 
0.157136,2,489664, 
0.157229,3,489664, 
0.157301,4,489664, 
0.157361,5,489664, 
0.157423,6,489664, 
0.297768,7,489664, 
0.597696,8,489664, 
0.597807,9,489664, 
0.597877,10,489664, 
0.597949,11,489664, 
0.949887,12,489664, 
1.21242,13,489664, 
1.58099,14,489664, 
1.58109,15,489664, 
2.13453,16,489664, 
2.13464,17,489664, 
2.13475,18,489664, 
2.13483,19,489664, 
2.1349,20,489664, 
2.13496,21,489664, 
2.13502,22,489664, 
2.1351,23,489664, 
2.13515,24,489664, 
2.13522,25,489664, 
2.13528,26,489664, 
2.13535,27,489664, 
2.56656,28,489664, 
2.56668,29,489664, 
2.5668,30,489664, 
2.56687,31,489664, 
3.03796,32,489664, 
3.03807,33,489664, 
3.03816,34,489664, 
3.03823,35,489664, 
3.03866,36,489664, 
3.03874,37,489664, 
3.03913,38,489664, 
3.03922,39,489664, 
3.03931,40,489664, 
3.03937,41,489664, 
3.03943,42,489664, 
3.75877,43,489664, 
3.75887,44,489664, 
3.75894,45,489664, 
3.759,46,489664, 
4.52228,47,489664, 
4.5224,48,489664, 
4.52247,49,489664, 
4.52255,50,489664, 
4.52262,51,489664, 
5.34275,52,489664, 
5.34287,53,489664, 
5.34294,54,489664, 
6.18947,55,489664, 
6.1896,56,489664, 
6.99952,57,489664, 
7.00011,58,489664, 
7.00019,59,489664, 
7.00026,60,489664, 
7.00033,61,489664, 
7.00041,62,489664, 
7.00048,63,489664, 
7.00054,64,489664, 
7.85753,65,489664, 
7.85775,66,489664, 
8.82103,67,489664, 
8.82115,68,489664, 
8.82131,69,489664, 
9.81133,70,489664, 
9.81146,71,489664, 
11.1141,72,489664, 
11.1142,73,489664, 
12.227,74,489664, 
12.2272,75,489664, 
12.2272,76,489664, 
13.4752,77,489664, 
13.4753,78,489664, 
13.4754,79,489664, 
13.4755,80,489664, 
13.4756,81,489664, 
13.4757,82,489664, 
13.4758,83,489664, 
14.5903,84,489664, 
14.5904,85,489664, 
16.0126,86,489664, 
16.0127,87,489664, 
16.0128,88,489664, 
17.8339,89,489664, 
17.834,90,489664, 
17.8341,91,489664, 
17.8342,92,489664, 
17.8342,93,489664, 
17.8343,94,489664, 
17.8343,95,489664, 
17.8344,96,489664, 
19.3567,97,489664, 
19.3568,98,489664, 
19.3569,99,489664, 
19.357,100,489664, 
19.3571,101,489664, 
21.3839,102,489664, 
21.3841,103,489664, 
21.3841,104,489664, 
21.3842,105,489664, 
21.3843,106,489664, 
21.3844,107,489664, 
21.3844,108,489664, 
23.0477,109,489664, 
23.0479,110,489664, 
23.048,111,489664, 
23.0481,112,489664, 
23.0482,113,489664, 
23.0482,114,489664, 
23.0483,115,489664, 
23.0484,116,489664, 
23.0484,117,489664, 
23.0485,118,489664, 
23.0486,119,489664, 
24.5601,120,489664, 
24.5602,121,489664, 
26.3439,122,489664, 
26.344,123,489664, 
26.3441,124,489664, 
26.3442,125,489664, 
26.3443,126,489664, 
26.3443,127,489664, 
26.3444,128,489664, 
26.3445,129,489664, 
26.3445,130,489664, 
26.3446,131,489664, 
26.3447,132,489664, 
28.1033,133,489664, 
28.1034,134,489664, 
28.1035,135,489664, 
28.1035,136,489664, 
28.1036,137,489664, 
28.1037,138,489664, 
28.1038,139,489664, 
30.1683,140,489664, 
30.1684,141,489664, 
30.1685,142,489664, 
30.1686,143,489664, 
30.1687,144,489664, 
32.3405,145,489664, 
32.3407,146,489664, 
32.3407,147,489664, 
32.3408,148,489664, 
32.3409,149,489664, 
34.914,150,489664, 
34.9142,151,489664, 
34.9143,152,489664, 
34.9144,153,489664, 
34.9144,154,489664, 
37.2635,155,489664, 
39.5934,156,489664, 
39.5935,157,489664, 
42.1863,158,489664, 
42.1865,159,489664, 
44.3808,160,489664, 
44.381,161,489664, 
44.381,162,489664, 
44.3811,163,489664, 
44.3812,164,489664, 
44.3813,165,489664, 
44.3814,166,489664, 
44.3814,167,489664, 
47.0013,168,489664, 
47.0014,169,489664, 
47.0015,170,489664, 
47.0021,171,489664, 
47.0022,172,489664, 
47.0023,173,489664, 
47.0023,174,489664, 
47.0024,175,489664, 
47.0025,176,489664, 
47.0025,177,489664, 
47.0026,178,489664, 
47.0031,179,489664, 
47.0032,180,489664, 
47.0033,181,489664, 
49.2526,182,489664, 
49.2527,183,489664, 
49.2528,184,489664, 
49.2531,185,489664, 
49.2531,186,489664, 
49.2536,187,489664, 
49.2537,188,489664, 
49.2538,189,489664, 
49.2539,190,489664, 
49.2539,191,489664, 
49.254,192,489664, 
49.2541,193,489664, 
49.2542,194,489664, 
49.2542,195,489664, 
51.9149,196,489664, 
51.9154,197,489664, 
51.9155,198,489664, 
51.9155,199,489664, 
51.9156,200,489664, 
51.9157,201,489664, 
51.9158,202,489664, 
51.9159,203,489664, 
54.8891,204,489664, 
54.8892,205,489664, 
54.8893,206,489664, 
54.8894,207,489664, 
54.8895,208,489664, 
54.8896,209,489664, 
54.8897,210,489664, 
57.5807,211,489664, 
57.5808,212,489664, 
57.5809,213,489664, 
57.581,214,489664, 
57.5811,215,489664, 
57.5811,216,489664, 
57.5813,217,489664, 
57.5814,218,489664, 
57.5814,219,489664, 
57.5815,220,489664, 
57.5816,221,489664, 
57.5816,222,489664, 
60.7412,223,489664, 
60.7414,224,489664, 
60.7414,225,489664, 
60.7416,226,489664, 
60.7417,227,489664, 
63.7261,228,489664, 
63.7262,229,489664, 
63.7263,230,489664, 
63.7264,231,489664, 
63.7264,232,489664, 
63.7265,233,489664, 
63.7266,234,489664, 
66.9593,235,489664, 
66.9594,236,489664, 
66.9599,237,489664, 
69.8095,238,489664, 
69.8097,239,489664, 
69.8098,240,489664, 
69.8099,241,489664, 
72.8711,242,489664, 
72.8713,243,489664, 
72.8713,244,489664, 
72.8714,245,489664, 
72.8719,246,489664, 
72.872,247,489664, 
72.8721,248,489664, 
72.8721,249,489664, 
72.8722,250,489664, 
72.8723,251,489664, 
72.8724,252,489664, 
72.8724,253,489664, 
72.8725,254,489664, 
72.8726,255,489664, 
72.8726,256,489664, 
72.8727,257,489664, 
72.8727,258,489664, 
72.8728,259,489664, 
72.8729,260,489664, 
72.8732,261,489664, 
72.8733,262,489664, 
72.8734,263,489664, 
72.8735,264,489664, 
72.8736,265,489664, 
76.0032,266,489664, 
76.0034,267,489664, 
76.0034,268,489664, 
76.0035,269,489664, 
76.0036,270,489664, 
79.8005,271,489664, 
79.8009,272,489664, 
79.801,273,489664, 
79.8011,274,489664, 
79.8011,275,489664, 
79.8013,276,489664, 
79.8014,277,489664, 
82.983,278,489664, 
82.9831,279,489664, 
82.9832,280,489664, 
82.9832,281,489664, 
86.714,282,489664, 
86.7141,283,489664, 
86.7141,284,489664, 
86.7142,285,489664, 
86.7143,286,489664, 
89.7301,287,489664, 
89.7302,288,489664, 
89.7307,289,489664, 
89.7308,290,489664, 
89.7309,291,489664, 
89.7309,292,489664, 
89.731,293,489664, 
89.7311,294,489664, 
89.7315,295,489664, 
89.7316,296,489664, 
89.7317,297,489664, 
89.7318,298,489664, 
89.7319,299,489664, 
89.7319,300,489664, 
89.732,301,489664, 
89.7321,302,489664, 
89.7322,303,489664, 
89.7323,304,489664, 
89.7324,305,489664, 
89.7325,306,489664, 
89.7325,307,489664, 
89.7326,308,489664, 
89.7327,309,489664, 
89.7327,310,489664, 
89.7328,311,489664, 
93.756,312,489664, 
93.7561,313,489664, 
97.1414,314,489664, 
97.1415,315,489664, 
97.1417,316,489664, 
97.1417,317,489664, 
97.1418,318,489664, 
97.1423,319,489664, 
97.1424,320,489664, 
100.192,321,489664, 
100.193,322,489664, 
100.193,323,489664, 
100.193,324,489664, 
100.193,325,489664, 
100.193,326,489664, 
100.193,327,489664, 
100.193,328,489664, 
100.193,329,489664, 
100.193,330,489664, 
100.194,331,489664, 
100.194,332,489664, 
100.194,333,489664, 
100.194,334,489664, 
100.194,335,489664, 
100.194,336,489664, 
100.194,337,489664, 
100.194,338,489664, 
100.194,339,489664, 
100.194,340,489664, 
100.194,341,489664, 
100.194,342,489664, 
100.195,343,489664, 
100.195,344,489664, 
100.195,345,489664, 
100.195,346,489664, 
100.195,347,489664, 
100.195,348,489664, 
103.861,349,489664, 
103.861,350,489664, 
103.861,351,489664, 
103.861,352,489664, 
103.861,353,489664, 
103.861,354,489664, 
103.861,355,489664, 
103.861,356,489664, 
103.861,357,489664, 
103.861,358,489664, 
108.044,359,489664, 
111.269,360,489664, 
111.269,361,489664, 
111.269,362,489664, 
111.269,363,489664, 
111.269,364,489664, 
111.269,365,489664, 
115.62,366,489664, 
119.571,367,489664, 
119.571,368,489664, 
119.571,369,489664, 
time,iteration,cost, 
0.0663125,0,489664, 
0.0664301,1,489664, 
0.0665619,2,489664, 
0.0666337,3,489664, 
0.166963,4,489664, 
0.315484,5,489664, 
0.315595,6,489664, 
0.31619,7,489664, 
0.316297,8,489664, 
0.487499,9,489664, 
0.487611,10,489664, 
0.788786,11,489664, 
0.788907,12,489664, 
1.07003,13,489664, 
1.59767,14,489664, 
2.14012,15,489664, 
2.14024,16,489664, 
2.79673,17,489664, 
2.79685,18,489664, 
2.79694,19,489664, 
2.79702,20,489664, 
3.50477,21,489664, 
3.50488,22,489664, 
4.37763,23,489664, 
4.37784,24,489664, 
4.37792,25,489664, 
4.37798,26,489664, 
5.11883,27,489664, 
5.11895,28,489664, 
5.87581,29,489664, 
5.87594,30,489664, 
5.87604,31,489664, 
5.87611,32,489664, 
5.8762,33,489664, 
5.87628,34,489664, 
5.87637,35,489664, 
5.87643,36,489664, 
5.87651,37,489664, 
5.87659,38,489664, 
5.87667,39,489664, 
5.87672,40,489664, 
5.8768,41,489664, 
5.87687,42,489664, 
5.87732,43,489664, 
6.8,44,489664, 
6.80014,45,489664, 
7.54611,46,489664, 
8.39503,47,489664, 
8.39516,48,489664, 
9.64926,49,489664, 
9.64939,50,489664, 
9.64946,51,489664, 
9.64955,52,489664, 
9.64962,53,489664, 
10.6158,54,489664, 
10.6159,55,489664, 
10.616,56,489664, 
10.6161,57,489664, 
11.7172,58,489664, 
11.7173,59,489664, 
11.7174,60,489664, 
11.7175,61,489664, 
11.7176,62,489664, 
11.7176,63,489664, 
12.9902,64,489664, 
12.9904,65,489664, 
12.9904,66,489664, 
14.4101,67,489664, 
14.4102,68,489664, 
15.8054,69,489664, 
15.8055,70,489664, 
15.8056,71,489664, 
15.8058,72,489664, 
17.5143,73,489664, 
17.5144,74,489664, 
17.5145,75,489664, 
17.5146,76,489664, 
17.5147,77,489664, 
17.5147,78,489664, 
17.5148,79,489664, 
18.9633,80,489664, 
18.9635,81,489664, 
18.9641,82,489664, 
21.0228,83,489664, 
22.7442,84,489664, 
22.7443,85,489664, 
22.7449,86,489664, 
22.7449,87,489664, 
24.4757,88,489664, 
24.4759,89,489664, 
24.476,90,489664, 
24.476,91,489664, 
24.4761,92,489664, 
24.4762,93,489664, 
24.4763,94,489664, 
24.4763,95,489664, 
26.4458,96,489664, 
26.4459,97,489664, 
26.446,98,489664, 
28.5826,99,489664, 
28.5827,100,489664, 
28.5828,101,489664, 
28.5829,102,489664, 
28.583,103,489664, 
28.5831,104,489664, 
28.5837,105,489664, 
28.5838,106,489664, 
28.5839,107,489664, 
28.584,108,489664, 
28.5841,109,489664, 
28.5841,110,489664, 
28.5842,111,489664, 
28.5843,112,489664, 
28.5844,113,489664, 
28.5844,114,489664, 
28.5845,115,489664, 
30.121,116,489664, 
30.1211,117,489664, 
30.1212,118,489664, 
30.1213,119,489664, 
32.8184,120,489664, 
32.8185,121,489664, 
32.8186,122,489664, 
35.4369,123,489664, 
35.437,124,489664, 
35.4371,125,489664, 
35.4372,126,489664, 
35.4373,127,489664, 
35.4373,128,489664, 
35.4374,129,489664, 
37.9024,130,489664, 
37.9025,131,489664, 
37.9028,132,489664, 
37.9029,133,489664, 
37.903,134,489664, 
37.9031,135,489664, 
37.9031,136,489664, 
37.9032,137,489664, 
37.9033,138,489664, 
37.9034,139,489664, 
39.5828,140,489664, 
39.583,141,489664, 
41.9873,142,489664, 
41.9874,143,489664, 
41.9875,144,489664, 
41.9876,145,489664, 
41.9877,146,489664, 
41.9878,147,489664, 
41.9879,148,489664, 
41.9879,149,489664, 
41.988,150,489664, 
41.9881,151,489664, 
41.9882,152,489664, 
44.8399,153,489664, 
44.84,154,489664, 
47.5929,155,489664, 
47.593,156,489664, 
47.5931,157,489664, 
50.6214,158,489664, 
50.6215,159,489664, 
50.6216,160,489664, 
50.6217,161,489664, 
50.6218,162,489664, 
50.6218,163,489664, 
50.6219,164,489664, 
50.6223,165,489664, 
50.6224,166,489664, 
50.6225,167,489664, 
53.9344,168,489664, 
56.3824,169,489664, 
56.3825,170,489664, 
56.3834,171,489664, 
56.3835,172,489664, 
56.3836,173,489664, 
56.3837,174,489664, 
56.3838,175,489664, 
56.3838,176,489664, 
56.3839,177,489664, 
56.384,178,489664, 
58.8031,179,489664, 
58.8033,180,489664, 
61.8242,181,489664, 
64.8576,182,489664, 
64.8578,183,489664, 
67.4165,184,489664, 
67.4166,185,489664, 
67.4167,186,489664, 
67.4171,187,489664, 
70.378,188,489664, 
70.3781,189,489664, 
70.3782,190,489664, 
70.3783,191,489664, 
70.3784,192,489664, 
70.3785,193,489664, 
70.3785,194,489664, 
70.3786,195,489664, 
70.3787,196,489664, 
70.3788,197,489664, 
70.3788,198,489664, 
70.3789,199,489664, 
70.379,200,489664, 
70.3791,201,489664, 
70.3791,202,489664, 
70.3792,203,489664, 
70.3794,204,489664, 
74.1298,205,489664, 
74.1299,206,489664, 
78.0106,207,489664, 
81.812,208,489664, 
81.8121,209,489664, 
81.8122,210,489664, 
81.8122,211,489664, 
81.8123,212,489664, 
81.8124,213,489664, 
81.8125,214,489664, 
81.8125,215,489664, 
81.8126,216,489664, 
81.8127,217,489664, 
86.1322,218,489664, 
90.0327,219,489664, 
90.0329,220,489664, 
90.0334,221,489664, 
90.0335,222,489664, 
90.0335,223,489664, 
90.0336,224,489664, 
90.0338,225,489664, 
90.0339,226,489664, 
90.0339,227,489664, 
90.034,228,489664, 
93.2904,229,489664, 
97.6915,230,489664, 
97.6917,231,489664, 
97.6918,232,489664, 
97.6919,233,489664, 
97.692,234,489664, 
97.692,235,489664, 
97.6921,236,489664, 
97.6922,237,489664, 
97.6923,238,489664, 
97.6923,239,489664, 
97.6924,240,489664, 
97.6924,241,489664, 
97.6925,242,489664, 
97.6926,243,489664, 
97.6927,244,489664, 
97.6927,245,489664, 
97.6928,246,489664, 
97.6928,247,489664, 
97.6929,248,489664, 
97.693,249,489664, 
97.6931,250,489664, 
97.6931,251,489664, 
97.6932,252,489664, 
101.725,253,489664, 
101.725,254,489664, 
101.725,255,489664, 
101.725,256,489664, 
101.725,257,489664, 
101.726,258,489664, 
101.726,259,489664, 
101.726,260,489664, 
101.726,261,489664, 
105.832,262,489664, 
105.832,263,489664, 
105.832,264,489664, 
105.832,265,489664, 
110.045,266,489664, 
110.045,267,489664, 
110.045,268,489664, 
110.046,269,489664, 
110.046,270,489664, 
110.046,271,489664, 
110.046,272,489664, 
110.046,273,489664, 
113.999,274,489664, 
113.999,275,489664, 
113.999,276,489664, 
113.999,277,489664, 
113.999,278,489664, 
118.101,279,489664, 
118.101,280,489664, 
118.102,281,489664, 
time,iteration,cost, 
0.0665536,0,489664, 
0.0667377,1,489664, 
0.180908,2,489664, 
0.181026,3,489664, 
0.308922,4,489664, 
0.565261,5,489664, 
0.775276,6,489664, 
0.77541,7,489664, 
0.775481,8,489664, 
1.08309,9,489664, 
1.08371,10,489664, 
1.08383,11,489664, 
1.08389,12,489664, 
1.08399,13,489664, 
1.08407,14,489664, 
1.08414,15,489664, 
1.68038,16,489664, 
1.68055,17,489664, 
1.68062,18,489664, 
1.6807,19,489664, 
1.68077,20,489664, 
2.23809,21,489664, 
2.23822,22,489664, 
2.23827,23,489664, 
2.85729,24,489664, 
2.85741,25,489664, 
2.85747,26,489664, 
2.8576,27,489664, 
2.85767,28,489664, 
3.53642,29,489664, 
3.53652,30,489664, 
3.5369,31,489664, 
4.34151,32,489664, 
4.34169,33,489664, 
4.34213,34,489664, 
4.34224,35,489664, 
4.34231,36,489664, 
4.34239,37,489664, 
4.34246,38,489664, 
4.9861,39,489664, 
4.98626,40,489664, 
4.98634,41,489664, 
5.89246,42,489664, 
5.89281,43,489664, 
5.89289,44,489664, 
6.91176,45,489664, 
7.90398,46,489664, 
7.90409,47,489664, 
7.90418,48,489664, 
7.90425,49,489664, 
7.90432,50,489664, 
7.90438,51,489664, 
7.90445,52,489664, 
9.39683,53,489664, 
9.39734,54,489664, 
9.39742,55,489664, 
9.39758,56,489664, 
9.39771,57,489664, 
9.39779,58,489664, 
9.39786,59,489664, 
9.39793,60,489664, 
9.39801,61,489664, 
9.39808,62,489664, 
9.39817,63,489664, 
9.39824,64,489664, 
9.3983,65,489664, 
9.39838,66,489664, 
10.4789,67,489664, 
10.4791,68,489664, 
11.6526,69,489664, 
11.6527,70,489664, 
11.6528,71,489664, 
11.6529,72,489664, 
11.6529,73,489664, 
12.6572,74,489664, 
12.6573,75,489664, 
12.6574,76,489664, 
14.0349,77,489664, 
14.0351,78,489664, 
14.0352,79,489664, 
14.0353,80,489664, 
14.0354,81,489664, 
14.0355,82,489664, 
14.0357,83,489664, 
14.0357,84,489664, 
15.3549,85,489664, 
16.5058,86,489664, 
16.5059,87,489664, 
16.506,88,489664, 
17.9346,89,489664, 
17.9347,90,489664, 
17.9348,91,489664, 
17.9349,92,489664, 
20.1858,93,489664, 
20.1859,94,489664, 
20.186,95,489664, 
20.1861,96,489664, 
20.1862,97,489664, 
22.1002,98,489664, 
22.1004,99,489664, 
22.1005,100,489664, 
22.1006,101,489664, 
24.2895,102,489664, 
24.2897,103,489664, 
26.1874,104,489664, 
26.1876,105,489664, 
26.1877,106,489664, 
26.1878,107,489664, 
26.1879,108,489664, 
26.188,109,489664, 
26.1881,110,489664, 
26.1882,111,489664, 
26.1882,112,489664, 
26.1883,113,489664, 
26.1884,114,489664, 
28.1453,115,489664, 
28.1454,116,489664, 
28.1455,117,489664, 
28.1456,118,489664, 
28.1457,119,489664, 
28.1458,120,489664, 
28.1459,121,489664, 
28.146,122,489664, 
28.146,123,489664, 
28.1461,124,489664, 
28.1462,125,489664, 
29.7402,126,489664, 
29.7403,127,489664, 
29.7404,128,489664, 
29.7405,129,489664, 
29.7406,130,489664, 
29.7407,131,489664, 
29.7412,132,489664, 
32.0222,133,489664, 
32.0224,134,489664, 
32.0224,135,489664, 
32.0225,136,489664, 
33.9381,137,489664, 
33.9382,138,489664, 
33.9387,139,489664, 
33.9388,140,489664, 
33.9388,141,489664, 
33.9389,142,489664, 
36.0228,143,489664, 
36.0229,144,489664, 
36.023,145,489664, 
36.0231,146,489664, 
36.0231,147,489664, 
37.9704,148,489664, 
37.9705,149,489664, 
37.9706,150,489664, 
37.9707,151,489664, 
40.9794,152,489664, 
40.9796,153,489664, 
40.9797,154,489664, 
40.9802,155,489664, 
40.9802,156,489664, 
40.9803,157,489664, 
40.9804,158,489664, 
40.9805,159,489664, 
43.0585,160,489664, 
43.0586,161,489664, 
43.0587,162,489664, 
46.0614,163,489664, 
46.0615,164,489664, 
46.0617,165,489664, 
46.0617,166,489664, 
46.0618,167,489664, 
46.0625,168,489664, 
46.0626,169,489664, 
49.0958,170,489664, 
49.0962,171,489664, 
49.0963,172,489664, 
49.0964,173,489664, 
49.0964,174,489664, 
49.0965,175,489664, 
49.0966,176,489664, 
51.1607,177,489664, 
51.1608,178,489664, 
53.8441,179,489664, 
53.8443,180,489664, 
53.8443,181,489664, 
53.8444,182,489664, 
53.8445,183,489664, 
53.8446,184,489664, 
56.3775,185,489664, 
56.3778,186,489664, 
56.3778,187,489664, 
56.3779,188,489664, 
56.378,189,489664, 
56.3781,190,489664, 
56.3781,191,489664, 
56.3782,192,489664, 
56.3783,193,489664, 
56.3783,194,489664, 
56.3784,195,489664, 
56.3788,196,489664, 
56.3789,197,489664, 
56.379,198,489664, 
56.3791,199,489664, 
56.3792,200,489664, 
56.3793,201,489664, 
56.3794,202,489664, 
56.3794,203,489664, 
56.3795,204,489664, 
56.3797,205,489664, 
56.3797,206,489664, 
56.3798,207,489664, 
56.3799,208,489664, 
56.3799,209,489664, 
59.4564,210,489664, 
59.4565,211,489664, 
59.4567,212,489664, 
59.4567,213,489664, 
59.4568,214,489664, 
59.4569,215,489664, 
59.457,216,489664, 
59.457,217,489664, 
59.4571,218,489664, 
59.4572,219,489664, 
59.4573,220,489664, 
59.4573,221,489664, 
59.4574,222,489664, 
59.4575,223,489664, 
59.4576,224,489664, 
59.4577,225,489664, 
62.7387,226,489664, 
62.7388,227,489664, 
62.739,228,489664, 
62.7391,229,489664, 
62.7391,230,489664, 
62.7392,231,489664, 
62.7393,232,489664, 
62.7394,233,489664, 
62.7395,234,489664, 
65.8719,235,489664, 
65.8721,236,489664, 
65.8722,237,489664, 
65.8723,238,489664, 
65.8723,239,489664, 
65.8724,240,489664, 
65.8725,241,489664, 
65.8725,242,489664, 
65.8726,243,489664, 
65.8727,244,489664, 
65.8728,245,489664, 
65.8729,246,489664, 
65.8729,247,489664, 
65.873,248,489664, 
65.8731,249,489664, 
65.8732,250,489664, 
69.6728,251,489664, 
69.6729,252,489664, 
69.673,253,489664, 
69.6731,254,489664, 
69.6732,255,489664, 
69.6733,256,489664, 
69.6737,257,489664, 
69.6738,258,489664, 
69.6739,259,489664, 
69.674,260,489664, 
69.674,261,489664, 
69.6741,262,489664, 
69.6742,263,489664, 
69.6743,264,489664, 
72.4698,265,489664, 
72.47,266,489664, 
72.47,267,489664, 
72.4701,268,489664, 
72.4702,269,489664, 
75.338,270,489664, 
75.3382,271,489664, 
75.3384,272,489664, 
75.3385,273,489664, 
75.3386,274,489664, 
75.3388,275,489664, 
78.9944,276,489664, 
78.9945,277,489664, 
78.9945,278,489664, 
78.9946,279,489664, 
78.9947,280,489664, 
78.9948,281,489664, 
82.6458,282,489664, 
82.646,283,489664, 
82.6461,284,489664, 
82.6461,285,489664, 
82.6462,286,489664, 
82.6463,287,489664, 
82.6464,288,489664, 
82.6465,289,489664, 
82.6465,290,489664, 
82.6466,291,489664, 
82.6467,292,489664, 
82.6467,293,489664, 
82.6468,294,489664, 
82.6468,295,489664, 
82.6469,296,489664, 
85.7628,297,489664, 
85.7629,298,489664, 
85.763,299,489664, 
85.7631,300,489664, 
85.7632,301,489664, 
85.7633,302,489664, 
85.7634,303,489664, 
85.7635,304,489664, 
85.7636,305,489664, 
85.7637,306,489664, 
85.7637,307,489664, 
85.7638,308,489664, 
85.7639,309,489664, 
88.9635,310,489664, 
88.9637,311,489664, 
88.9638,312,489664, 
88.9639,313,489664, 
88.964,314,489664, 
88.964,315,489664, 
88.9641,316,489664, 
88.9642,317,489664, 
88.9643,318,489664, 
88.9643,319,489664, 
88.965,320,489664, 
93.4382,321,489664, 
93.4385,322,489664, 
93.4386,323,489664, 
96.8445,324,489664, 
96.8452,325,489664, 
96.8452,326,489664, 
96.8453,327,489664, 
96.8454,328,489664, 
96.8455,329,489664, 
96.8455,330,489664, 
96.8457,331,489664, 
96.8457,332,489664, 
96.8458,333,489664, 
96.8459,334,489664, 
96.846,335,489664, 
101.266,336,489664, 
101.266,337,489664, 
101.266,338,489664, 
101.266,339,489664, 
101.266,340,489664, 
101.266,341,489664, 
101.267,342,489664, 
101.267,343,489664, 
105.089,344,489664, 
105.09,345,489664, 
105.09,346,489664, 
105.09,347,489664, 
105.09,348,489664, 
105.09,349,489664, 
105.09,350,489664, 
105.09,351,489664, 
105.091,352,489664, 
109.473,353,489664, 
109.474,354,489664, 
109.474,355,489664, 
109.474,356,489664, 
109.474,357,489664, 
109.474,358,489664, 
109.474,359,489664, 
109.474,360,489664, 
113.089,361,489664, 
117.922,362,489664, 
117.922,363,489664, 
117.922,364,489664, 
117.923,365,489664, 
117.923,366,489664, 
time,iteration,cost, 
0.0663184,0,489664, 
0.180647,1,489664, 
0.180743,2,489664, 
0.180834,3,489664, 
0.379472,4,489664, 
0.37959,5,489664, 
0.379707,6,489664, 
0.379807,7,489664, 
0.379891,8,489664, 
0.379948,9,489664, 
0.380014,10,489664, 
0.380076,11,489664, 
0.380159,12,489664, 
0.380225,13,489664, 
0.380277,14,489664, 
0.380341,15,489664, 
0.577654,16,489664, 
0.577815,17,489664, 
0.858936,18,489664, 
0.859083,19,489664, 
0.859152,20,489664, 
0.859218,21,489664, 
0.859276,22,489664, 
0.859343,23,489664, 
1.28154,24,489664, 
1.28165,25,489664, 
1.28177,26,489664, 
1.28186,27,489664, 
1.28195,28,489664, 
1.28202,29,489664, 
1.81806,30,489664, 
1.81817,31,489664, 
1.81823,32,489664, 
1.81831,33,489664, 
1.81841,34,489664, 
2.24453,35,489664, 
2.69757,36,489664, 
2.69774,37,489664, 
2.69783,38,489664, 
2.69792,39,489664, 
2.69801,40,489664, 
2.69807,41,489664, 
2.69813,42,489664, 
2.69907,43,489664, 
2.69914,44,489664, 
3.2195,45,489664, 
3.21962,46,489664, 
3.21971,47,489664, 
3.21984,48,489664, 
3.21994,49,489664, 
3.22002,50,489664, 
3.22008,51,489664, 
3.22014,52,489664, 
3.22021,53,489664, 
3.22027,54,489664, 
3.89349,55,489664, 
3.89359,56,489664, 
3.89369,57,489664, 
3.89376,58,489664, 
3.89383,59,489664, 
3.89389,60,489664, 
4.40057,61,489664, 
4.40066,62,489664, 
5.28874,63,489664, 
5.28884,64,489664, 
5.28892,65,489664, 
5.28938,66,489664, 
5.28946,67,489664, 
5.28952,68,489664, 
5.28959,69,489664, 
5.28965,70,489664, 
5.28976,71,489664, 
5.28982,72,489664, 
5.2899,73,489664, 
5.28997,74,489664, 
5.29006,75,489664, 
6.02147,76,489664, 
6.89905,77,489664, 
6.89919,78,489664, 
6.89926,79,489664, 
6.89936,80,489664, 
6.89996,81,489664, 
6.90006,82,489664, 
7.72857,83,489664, 
8.85781,84,489664, 
9.94341,85,489664, 
9.94387,86,489664, 
9.94396,87,489664, 
9.94405,88,489664, 
10.9436,89,489664, 
10.9437,90,489664, 
10.9438,91,489664, 
10.9439,92,489664, 
10.944,93,489664, 
10.944,94,489664, 
10.9441,95,489664, 
10.9442,96,489664, 
10.9443,97,489664, 
10.9443,98,489664, 
10.9444,99,489664, 
10.9445,100,489664, 
10.9446,101,489664, 
10.9446,102,489664, 
10.9447,103,489664, 
10.9447,104,489664, 
10.9448,105,489664, 
10.9449,106,489664, 
10.9449,107,489664, 
10.945,108,489664, 
10.9451,109,489664, 
10.9452,110,489664, 
10.9452,111,489664, 
10.9454,112,489664, 
10.9454,113,489664, 
10.9455,114,489664, 
10.9456,115,489664, 
10.9456,116,489664, 
10.9457,117,489664, 
10.9458,118,489664, 
10.9459,119,489664, 
10.9459,120,489664, 
10.946,121,489664, 
10.9461,122,489664, 
10.9462,123,489664, 
10.9462,124,489664, 
10.9467,125,489664, 
10.9468,126,489664, 
12.4539,127,489664, 
12.454,128,489664, 
12.4541,129,489664, 
13.9821,130,489664, 
13.9823,131,489664, 
13.9823,132,489664, 
13.9824,133,489664, 
13.9825,134,489664, 
13.9825,135,489664, 
13.9826,136,489664, 
13.9827,137,489664, 
13.9828,138,489664, 
13.9829,139,489664, 
13.9829,140,489664, 
13.9834,141,489664, 
13.9835,142,489664, 
13.9836,143,489664, 
15.4301,144,489664, 
15.4302,145,489664, 
15.4303,146,489664, 
15.4304,147,489664, 
15.4304,148,489664, 
15.4309,149,489664, 
15.431,150,489664, 
15.431,151,489664, 
16.9542,152,489664, 
16.9544,153,489664, 
16.9544,154,489664, 
16.9545,155,489664, 
16.9546,156,489664, 
16.9547,157,489664, 
16.9552,158,489664, 
16.9553,159,489664, 
16.9554,160,489664, 
16.9554,161,489664, 
16.9555,162,489664, 
16.9556,163,489664, 
16.9557,164,489664, 
16.9557,165,489664, 
18.6479,166,489664, 
18.6487,167,489664, 
18.6488,168,489664, 
18.6489,169,489664, 
18.649,170,489664, 
18.6491,171,489664, 
18.6492,172,489664, 
18.6492,173,489664, 
20.2495,174,489664, 
20.2496,175,489664, 
20.2497,176,489664, 
20.2498,177,489664, 
22.0134,178,489664, 
24.0303,179,489664, 
24.0304,180,489664, 
25.9844,181,489664, 
25.9845,182,489664, 
25.9846,183,489664, 
25.9846,184,489664, 
25.9847,185,489664, 
25.9848,186,489664, 
25.9849,187,489664, 
25.9849,188,489664, 
25.985,189,489664, 
25.9851,190,489664, 
25.9851,191,489664, 
25.9852,192,489664, 
25.9853,193,489664, 
25.9854,194,489664, 
25.9855,195,489664, 
25.9855,196,489664, 
25.9856,197,489664, 
25.9857,198,489664, 
25.9858,199,489664, 
25.9859,200,489664, 
25.986,201,489664, 
25.986,202,489664, 
25.9861,203,489664, 
25.9862,204,489664, 
25.9863,205,489664, 
27.8799,206,489664, 
29.8494,207,489664, 
29.85,208,489664, 
29.8501,209,489664, 
29.8502,210,489664, 
29.8503,211,489664, 
29.8504,212,489664, 
31.6837,213,489664, 
31.6845,214,489664, 
33.9583,215,489664, 
33.9584,216,489664, 
33.9585,217,489664, 
33.9586,218,489664, 
33.9587,219,489664, 
33.9587,220,489664, 
33.9588,221,489664, 
33.9589,222,489664, 
33.959,223,489664, 
33.9591,224,489664, 
36.1563,225,489664, 
36.1564,226,489664, 
36.1565,227,489664, 
36.1566,228,489664, 
36.1567,229,489664, 
36.1567,230,489664, 
36.1568,231,489664, 
36.1569,232,489664, 
38.1245,233,489664, 
38.1246,234,489664, 
38.1247,235,489664, 
40.4512,236,489664, 
42.6325,237,489664, 
42.6327,238,489664, 
42.6328,239,489664, 
42.6328,240,489664, 
42.6329,241,489664, 
42.633,242,489664, 
42.633,243,489664, 
42.6331,244,489664, 
42.6332,245,489664, 
42.6333,246,489664, 
45.5472,247,489664, 
48.2107,248,489664, 
51.486,249,489664, 
51.4862,250,489664, 
51.4863,251,489664, 
51.4864,252,489664, 
51.4865,253,489664, 
51.4866,254,489664, 
51.4866,255,489664, 
51.4867,256,489664, 
51.4868,257,489664, 
51.4869,258,489664, 
54.0817,259,489664, 
54.0819,260,489664, 
54.082,261,489664, 
57.0141,262,489664, 
57.0147,263,489664, 
57.0148,264,489664, 
59.2945,265,489664, 
59.2946,266,489664, 
59.295,267,489664, 
59.2951,268,489664, 
59.2952,269,489664, 
59.2953,270,489664, 
62.7789,271,489664, 
62.7794,272,489664, 
62.7795,273,489664, 
62.7796,274,489664, 
62.7796,275,489664, 
65.7693,276,489664, 
65.7699,277,489664, 
65.7699,278,489664, 
65.77,279,489664, 
65.7701,280,489664, 
65.7701,281,489664, 
65.7702,282,489664, 
65.7703,283,489664, 
65.7707,284,489664, 
65.7708,285,489664, 
65.7709,286,489664, 
69.5004,287,489664, 
69.5005,288,489664, 
69.5006,289,489664, 
69.5007,290,489664, 
69.5008,291,489664, 
69.5009,292,489664, 
69.501,293,489664, 
69.501,294,489664, 
69.5011,295,489664, 
69.5011,296,489664, 
69.5017,297,489664, 
69.5018,298,489664, 
69.5019,299,489664, 
69.5019,300,489664, 
73.2304,301,489664, 
73.2306,302,489664, 
76.7538,303,489664, 
76.7543,304,489664, 
76.7544,305,489664, 
76.7544,306,489664, 
76.7545,307,489664, 
76.7546,308,489664, 
76.7546,309,489664, 
76.7547,310,489664, 
76.7547,311,489664, 
76.7552,312,489664, 
76.7553,313,489664, 
76.7554,314,489664, 
80.5166,315,489664, 
80.5172,316,489664, 
80.5173,317,489664, 
83.7504,318,489664, 
83.7506,319,489664, 
83.751,320,489664, 
87.2291,321,489664, 
87.2293,322,489664, 
87.2294,323,489664, 
87.2295,324,489664, 
91.3926,325,489664, 
96.1093,326,489664, 
96.1095,327,489664, 
96.1096,328,489664, 
96.1097,329,489664, 
96.1098,330,489664, 
96.1099,331,489664, 
96.1099,332,489664, 
96.11,333,489664, 
96.1101,334,489664, 
96.1101,335,489664, 
96.1102,336,489664, 
96.1103,337,489664, 
96.1103,338,489664, 
96.1104,339,489664, 
96.1105,340,489664, 
96.1106,341,489664, 
96.1111,342,489664, 
96.1116,343,489664, 
99.8288,344,489664, 
99.8289,345,489664, 
103.668,346,489664, 
103.668,347,489664, 
103.668,348,489664, 
103.668,349,489664, 
103.668,350,489664, 
107.912,351,489664, 
107.912,352,489664, 
107.912,353,489664, 
107.912,354,489664, 
107.912,355,489664, 
107.913,356,489664, 
113.148,357,489664, 
113.148,358,489664, 
117.372,359,489664, 
117.373,360,489664, 
