-1.770000010728836060e-01,4.300000071525573730e-01,0.000000000000000000e+00,-6.267140060663223267e-02,7.671884298324584961e-01,2.744660712778568268e-02,9.958756566047668457e-01,5.168845131993293762e-02,7.456548511981964111e-02,0.000000000000000000e+00,9.821854233741760254e-01,-1.056657824665307999e-02,-1.876170039176940918e-01,0.000000000000000000e+00,6.856546998023986816e-01,4.457419514656066895e-01,5.754926204681396484e-01,0.000000000000000000e+00,2.722356319427490234e-01,-8.504307866096496582e-01,-4.501724541187286377e-01,0.000000000000000000e+00,3.037427924573421478e-02,9.797937273979187012e-01,1.976907998323440552e-01,0.000000000000000000e+00,4.446124732494354248e-01,8.938491344451904297e-01,-5.790882185101509094e-02,0.000000000000000000e+00,5.002610087394714355e-01,7.188579440116882324e-01,-4.826822578907012939e-01,0.000000000000000000e+00
-1.770000010728836060e-01,4.300000071525573730e-01,0.000000000000000000e+00,-6.273979693651199341e-02,7.675410509109497070e-01,2.755671925842761993e-02,9.958838820457458496e-01,5.210241302847862244e-02,7.416649162769317627e-02,0.000000000000000000e+00,9.823949337005615234e-01,-1.138551160693168640e-02,-1.864686161279678345e-01,0.000000000000000000e+00,6.858204007148742676e-01,4.471053779125213623e-01,5.742361545562744141e-01,0.000000000000000000e+00,2.723046839237213135e-01,-8.503070473670959473e-01,-4.503643810749053955e-01,0.000000000000000000e+00,3.084543347358703613e-02,9.787743687629699707e-01,2.026062160730361938e-01,0.000000000000000000e+00,4.411599040031433105e-01,8.957955837249755859e-01,-5.411291494965553284e-02,0.000000000000000000e+00,5.029211640357971191e-01,7.167156338691711426e-01,-4.831035435199737549e-01,0.000000000000000000e+00
-1.770000010728836060e-01,4.300000071525573730e-01,0.000000000000000000e+00,-6.280270218849182129e-02,7.678202986717224121e-01,2.755014039576053619e-02,9.958897233009338379e-01,5.240595340728759766e-02,7.387314736843109131e-02,0.000000000000000000e+00,9.825432300567626953e-01,-1.199830975383520126e-02,-1.856471300125122070e-01,0.000000000000000000e+00,6.859287619590759277e-01,4.481073021888732910e-01,5.733249783515930176e-01,0.000000000000000000e+00,2.723532319068908691e-01,-8.502172231674194336e-01,-4.505046010017395020e-01,0.000000000000000000e+00,3.113739378750324249e-02,9.780251383781433105e-01,2.061487585306167603e-01,0.000000000000000000e+00,4.385020434856414795e-01,8.972721099853515625e-01,-5.117348581552505493e-02,0.000000000000000000e+00,5.059449076652526855e-01,7.144646048545837402e-01,-4.832805693149566650e-01,0.000000000000000000e+00
-1.770000010728836060e-01,4.300000071525573730e-01,0.000000000000000000e+00,-6.291863322257995605e-02,7.682424187660217285e-01,2.731609344482421875e-02,9.958990812301635742e-01,5.285578593611717224e-02,7.342530041933059692e-02,0.000000000000000000e+00,9.827101826667785645e-01,-1.309844106435775757e-02,-1.846864819526672363e-01,0.000000000000000000e+00,6.860347986221313477e-01,4.495684206485748291e-01,5.720528364181518555e-01,0.000000000000000000e+00,2.724799215793609619e-01,-8.500766754150390625e-01,-4.506931602954864502e-01,0.000000000000000000e+00,3.142159432172775269e-02,9.770929217338562012e-01,2.104806452989578247e-01,0.000000000000000000e+00,4.339910745620727539e-01,8.997154235839843750e-01,-4.651739820837974548e-02,0.000000000000000000e+00,5.102027058601379395e-01,7.112694382667541504e-01,-4.835172891616821289e-01,0.000000000000000000e+00
-1.770000010728836060e-01,4.300000071525573730e-01,0.000000000000000000e+00,-6.300257891416549683e-02,7.685480713844299316e-01,2.714662998914718628e-02,9.959060549736022949e-01,5.319560691714286804e-02,7.308432459831237793e-02,0.000000000000000000e+00,9.828240275382995605e-01,-1.396914198994636536e-02,-1.840158551931381226e-01,0.000000000000000000e+00,6.860992908477783203e-01,4.506682157516479492e-01,5.711093544960021973e-01,0.000000000000000000e+00,2.725768387317657471e-01,-8.499714732170104980e-01,-4.508329331874847412e-01,0.000000000000000000e+00,3.158978745341300964e-02,9.764187335968017578e-01,2.135615795850753784e-01,0.000000000000000000e+00,4.308796226978302002e-01,9.013816714286804199e-01,-4.305656999349594116e-02,0.000000000000000000e+00,5.129607915878295898e-01,7.091009020805358887e-01,-4.837841689586639404e-01,0.000000000000000000e+00
-1.770000010728836060e-01,4.300000071525573730e-01,0.000000000000000000e+00,-6.305714696645736694e-02,7.687467932701110840e-01,2.703646011650562286e-02,9.959104657173156738e-01,5.341654270887374878e-02,7.286267727613449097e-02,0.000000000000000000e+00,9.828971028327941895e-01,-1.453514397144317627e-02,-1.835812181234359741e-01,0.000000000000000000e+00,6.861382722854614258e-01,4.513840079307556152e-01,5.704969763755798340e-01,0.000000000000000000e+00,2.726340889930725098e-01,-8.499045372009277344e-01,-4.509245455265045166e-01,0.000000000000000000e+00,3.168822824954986572e-02,9.759754538536071777e-01,2.155637145042419434e-01,0.000000000000000000e+00,4.288436472415924072e-01,9.024609327316284180e-01,-4.071135446429252625e-02,0.000000000000000000e+00,5.151675939559936523e-01,7.073534727096557617e-01,-4.839973449707031250e-01,0.000000000000000000e+00
-1.770000010728836060e-01,4.300000071525573730e-01,0.000000000000000000e+00,-6.321585923433303833e-02,7.691380977630615234e-01,2.678238786756992340e-02,9.959235191345214844e-01,5.379380285739898682e-02,7.240548729896545410e-02,0.000000000000000000e+00,9.830518960952758789e-01,-1.541977655142545700e-02,-1.826778054237365723e-01,0.000000000000000000e+00,6.861407160758972168e-01,4.527444839477539062e-01,5.694149136543273926e-01,0.000000000000000000e+00,2.723162770271301270e-01,-8.499097228050231934e-01,-4.511067867279052734e-01,0.000000000000000000e+00,3.183495253324508667e-02,9.748678803443908691e-01,2.204974591732025146e-01,0.000000000000000000e+00,4.241891503334045410e-01,9.048826694488525391e-01,-3.536882251501083374e-02,0.000000000000000000e+00,5.208235383033752441e-01,7.028293609619140625e-01,-4.845345020294189453e-01,0.000000000000000000e+00
-1.770000010728836060e-01,4.300000071525573730e-01,0.000000000000000000e+00,-6.336831301450729370e-02,7.695139646530151367e-01,2.653832919895648956e-02,9.959393143653869629e-01,5.411740392446517944e-02,7.194602489471435547e-02,0.000000000000000000e+00,9.832096695899963379e-01,-1.610833965241909027e-02,-1.817670315504074097e-01,0.000000000000000000e+00,6.860919594764709473e-01,4.540267586708068848e-01,5.684518814086914062e-01,0.000000000000000000e+00,2.717534303665161133e-01,-8.499998450279235840e-01,-4.512763321399688721e-01,0.000000000000000000e+00,3.193786367774009705e-02,9.735979437828063965e-01,2.260244041681289673e-01,0.000000000000000000e+00,4.197655618190765381e-01,9.071442484855651855e-01,-2.976806648075580597e-02,0.000000000000000000e+00,5.259052515029907227e-01,6.985435485839843750e-01,-4.852428138256072998e-01,0.000000000000000000e+00
-1.770000010728836060e-01,4.300000071525573730e-01,0.000000000000000000e+00,-6.345806270837783813e-02,7.697122097015380859e-01,2.640986256301403046e-02,9.959468245506286621e-01,5.427149683237075806e-02,7.172505557537078857e-02,0.000000000000000000e+00,9.832838773727416992e-01,-1.641510240733623505e-02,-1.813376992940902710e-01,0.000000000000000000e+00,6.860486268997192383e-01,4.546366631984710693e-01,5.680165886878967285e-01,0.000000000000000000e+00,2.714985907077789307e-01,-8.500378131866455078e-01,-4.513582289218902588e-01,0.000000000000000000e+00,3.196186572313308716e-02,9.729609489440917969e-01,2.287473976612091064e-01,0.000000000000000000e+00,4.177071452140808105e-01,9.081822633743286133e-01,-2.693997137248516083e-02,0.000000000000000000e+00,5.282480716705322266e-01,6.964802145957946777e-01,-4.856637418270111084e-01,0.000000000000000000e+00
-1.770000010728836060e-01,4.300000071525573730e-01,0.000000000000000000e+00,-6.366319954395294189e-02,7.701280713081359863e-01,2.614082209765911102e-02,9.959616661071777344e-01,5.452674254775047302e-02,7.132435590028762817e-02,0.000000000000000000e+00,9.834038615226745605e-01,-1.660207100212574005e-02,-1.806688606739044189e-01,0.000000000000000000e+00,6.856696605682373047e-01,4.556485712528228760e-01,5.676631927490234375e-01,0.000000000000000000e+00,2.708925604820251465e-01,-8.501222729682922363e-01,-4.515631794929504395e-01,0.000000000000000000e+00,3.172164037823677063e-02,9.715551733970642090e-01,2.346791476011276245e-01,0.000000000000000000e+00,4.130763709545135498e-01,9.104615449905395508e-01,-2.068002894520759583e-02,0.000000000000000000e+00,5.336796641349792480e-01,6.914979219436645508e-01,-4.868435561656951904e-01,0.000000000000000000e+00
-1.770000010728836060e-01,4.300000071525573730e-01,0.000000000000000000e+00,-6.381173431873321533e-02,7.704291939735412598e-01,2.594601921737194061e-02,9.959723949432373047e-01,5.470070242881774902e-02,7.104129344224929810e-02,0.000000000000000000e+00,9.834843873977661133e-01,-1.663593575358390808e-02,-1.802269369363784790e-01,0.000000000000000000e+00,6.853413581848144531e-01,4.563268125057220459e-01,5.675147771835327148e-01,0.000000000000000000e+00,2.704689204692840576e-01,-8.501753211021423340e-01,-4.517172873020172119e-01,0.000000000000000000e+00,3.150250390172004700e-02,9.704759120941162109e-01,2.391319572925567627e-01,0.000000000000000000e+00,4.098109304904937744e-01,9.120318889617919922e-01,-1.590100675821304321e-02,0.000000000000000000e+00,5.372267365455627441e-01,6.879316568374633789e-01,-4.879933297634124756e-01,0.000000000000000000e+00
-1.770000010728836060e-01,4.300000071525573730e-01,0.000000000000000000e+00,-6.398691982030868530e-02,7.707250118255615234e-01,2.570146508514881134e-02,9.959828257560729980e-01,5.486855655908584595e-02,7.076455652713775635e-02,0.000000000000000000e+00,9.835615158081054688e-01,-1.668154820799827576e-02,-1.798012852668762207e-01,0.000000000000000000e+00,6.850346922874450684e-01,4.569703936576843262e-01,5.673671960830688477e-01,0.000000000000000000e+00,2.700969874858856201e-01,-8.502302765846252441e-01,-4.518363177776336670e-01,0.000000000000000000e+00,3.132235258817672729e-02,9.694437980651855469e-01,2.433057576417922974e-01,0.000000000000000000e+00,4.065076112747192383e-01,9.135815501213073730e-01,-1.096715312451124191e-02,0.000000000000000000e+00,5.404325127601623535e-01,6.842117905616760254e-01,-4.896804392337799072e-01,0.000000000000000000e+00
-1.770000010728836060e-01,4.300000071525573730e-01,0.000000000000000000e+00,-6.436841189861297607e-02,7.712101936340332031e-01,2.512935176491737366e-02,9.960036873817443848e-01,5.511691421270370483e-02,7.027659565210342407e-02,0.000000000000000000e+00,9.836742877960205078e-01,-1.701563596725463867e-02,-1.791518479585647583e-01,0.000000000000000000e+00,6.844287514686584473e-01,4.579195380210876465e-01,5.673332810401916504e-01,0.000000000000000000e+00,2.694828808307647705e-01,-8.506002426147460938e-01,-4.515066146850585938e-01,0.000000000000000000e+00,3.123916126787662506e-02,9.685060977935791016e-01,2.470224797725677490e-01,0.000000000000000000e+00,3.989512920379638672e-01,9.169710874557495117e-01,-1.362390117719769478e-03,0.000000000000000000e+00,5.459138751029968262e-01,6.771793365478515625e-01,-4.933621585369110107e-01,0.000000000000000000e+00
-1.770000010728836060e-01,4.300000071525573730e-01,0.000000000000000000e+00,-6.458827853202819824e-02,7.714897990226745605e-01,2.479963190853595734e-02,9.960161447525024414e-01,5.525720119476318359e-02,6.998905539512634277e-02,0.000000000000000000e+00,9.837372899055480957e-01,-1.724567636847496033e-02,-1.787835508584976196e-01,0.000000000000000000e+00,6.840864419937133789e-01,4.584408104419708252e-01,5.673251152038574219e-01,0.000000000000000000e+00,2.691651880741119385e-01,-8.508439660072326660e-01,-4.512367546558380127e-01,0.000000000000000000e+00,3.122101724147796631e-02,9.680672287940979004e-01,2.487389892339706421e-01,0.000000000000000000e+00,3.947761058807373047e-01,9.187667965888977051e-01,4.409634508192539215e-03,0.000000000000000000e+00,5.488379001617431641e-01,6.729094386100769043e-01,-4.959534704685211182e-01,0.000000000000000000e+00
-1.770000010728836060e-01,4.300000071525573730e-01,0.000000000000000000e+00,-6.486926227807998657e-02,7.716862559318542480e-01,2.425192669034004211e-02,9.960338473320007324e-01,5.533527955412864685e-02,6.967477500438690186e-02,0.000000000000000000e+00,9.838108420372009277e-01,-1.742373034358024597e-02,-1.783608496189117432e-01,0.000000000000000000e+00,6.837703585624694824e-01,4.589581787586212158e-01,5.672878026962280273e-01,0.000000000000000000e+00,2.689442634582519531e-01,-8.509894013404846191e-01,-4.510942399501800537e-01,0.000000000000000000e+00,3.114976175129413605e-02,9.676116108894348145e-01,2.505143582820892334e-01,0.000000000000000000e+00,3.899276554584503174e-01,9.207807183265686035e-01,1.092051900923252106e-02,0.000000000000000000e+00,5.515512228012084961e-01,6.679914593696594238e-01,-4.995784759521484375e-01,0.000000000000000000e+00
-1.770000010728836060e-01,4.300000071525573730e-01,0.000000000000000000e+00,-6.523098051548004150e-02,7.719391584396362305e-01,2.354687079787254333e-02,9.960646629333496094e-01,5.535191297531127930e-02,6.921929121017456055e-02,0.000000000000000000e+00,9.839234352111816406e-01,-1.758768968284130096e-02,-1.777228266000747681e-01,0.000000000000000000e+00,6.833863854408264160e-01,4.596411287784576416e-01,5.671975612640380859e-01,0.000000000000000000e+00,2.687700390815734863e-01,-8.510490059852600098e-01,-4.510856568813323975e-01,0.000000000000000000e+00,3.099334798753261566e-02,9.669806361198425293e-01,2.529582679271697998e-01,0.000000000000000000e+00,3.828729689121246338e-01,9.235770702362060547e-01,2.033858932554721832e-02,0.000000000000000000e+00,5.547919869422912598e-01,6.614335775375366211e-01,-5.046894550323486328e-01,0.000000000000000000e+00
-1.770000010728836060e-01,4.300000071525573730e-01,0.000000000000000000e+00,-6.549287587404251099e-02,7.721223235130310059e-01,2.303637377917766571e-02,9.960871934890747070e-01,5.536045134067535400e-02,6.888750195503234863e-02,0.000000000000000000e+00,9.840050339698791504e-01,-1.770370267331600189e-02,-1.772587746381759644e-01,0.000000000000000000e+00,6.831282377243041992e-01,4.601249992847442627e-01,5.671162009239196777e-01,0.000000000000000000e+00,2.686629295349121094e-01,-8.510830402374267578e-01,-4.510852098464965820e-01,0.000000000000000000e+00,3.089200332760810852e-02,9.665176868438720703e-01,2.547337710857391357e-01,0.000000000000000000e+00,3.780795931816101074e-01,9.253691434860229492e-01,2.734626270830631256e-02,0.000000000000000000e+00,5.568968057632446289e-01,6.566904187202453613e-01,-5.085505247116088867e-01,0.000000000000000000e+00
-1.770000010728836060e-01,4.300000071525573730e-01,0.000000000000000000e+00,-6.583685427904129028e-02,7.722211480140686035e-01,2.243085950613021851e-02,9.961127638816833496e-01,5.531980469822883606e-02,6.854993104934692383e-02,0.000000000000000000e+00,9.840901494026184082e-01,-1.793527230620384216e-02,-1.767623126506805420e-01,0.000000000000000000e+00,6.828969120979309082e-01,4.605815410614013672e-01,5.670241713523864746e-01,0.000000000000000000e+00,2.683841884136199951e-01,-8.510423302650451660e-01,-4.513279497623443604e-01,0.000000000000000000e+00,3.032284602522850037e-02,9.650502800941467285e-01,2.603046596050262451e-01,0.000000000000000000e+00,3.724867105484008789e-01,9.273827075958251953e-01,3.485714644193649292e-02,0.000000000000000000e+00,5.585739612579345703e-01,6.513883471488952637e-01,-5.135059356689453125e-01,0.000000000000000000e+00
-1.770000010728836060e-01,4.300000071525573730e-01,0.000000000000000000e+00,-6.627964973449707031e-02,7.723484039306640625e-01,2.165139093995094299e-02,9.961509108543395996e-01,5.519675835967063904e-02,6.809285283088684082e-02,0.000000000000000000e+00,9.842079281806945801e-01,-1.840548217296600342e-02,-1.760566979646682739e-01,0.000000000000000000e+00,6.826256513595581055e-01,4.611511826515197754e-01,5.668877959251403809e-01,0.000000000000000000e+00,2.678121626377105713e-01,-8.508728742599487305e-01,-4.519867599010467529e-01,0.000000000000000000e+00,2.901724539697170258e-02,9.615683555603027344e-01,2.730279862880706787e-01,0.000000000000000000e+00,3.642617166042327881e-01,9.301915168762207031e-01,4.535605385899543762e-02,0.000000000000000000e+00,5.602003931999206543e-01,6.441795229911804199e-01,-5.207766294479370117e-01,0.000000000000000000e+00
-1.770000010728836060e-01,4.300000071525573730e-01,0.000000000000000000e+00,-6.670499593019485474e-02,7.724706530570983887e-01,2.090263552963733673e-02,9.961876869201660156e-01,5.507477745413780212e-02,6.765290349721908569e-02,0.000000000000000000e+00,9.843203425407409668e-01,-1.886728592216968536e-02,-1.753781437873840332e-01,0.000000000000000000e+00,6.823868751525878906e-01,4.616851806640625000e-01,5.667406916618347168e-01,0.000000000000000000e+00,2.673261165618896484e-01,-8.506839871406555176e-01,-4.526295363903045654e-01,0.000000000000000000e+00,2.790980786085128784e-02,9.579569101333618164e-01,2.855513691902160645e-01,0.000000000000000000e+00,3.566814661026000977e-01,9.325681924819946289e-01,5.563154071569442749e-02,0.000000000000000000e+00,5.613551139831542969e-01,6.372999548912048340e-01,-5.279480814933776855e-01,0.000000000000000000e+00
-1.770000010728836060e-01,4.300000071525573730e-01,0.000000000000000000e+00,-6.717202812433242798e-02,7.724755406379699707e-01,2.012733556330204010e-02,9.962170124053955078e-01,5.491861701011657715e-02,6.734682619571685791e-02,0.000000000000000000e+00,9.844056367874145508e-01,-1.930940710008144379e-02,-1.748506277799606323e-01,0.000000000000000000e+00,6.822449564933776855e-01,4.620575904846191406e-01,5.666080117225646973e-01,0.000000000000000000e+00,2.670275270938873291e-01,-8.503750562667846680e-01,-4.533856809139251709e-01,0.000000000000000000e+00,2.695773728191852570e-02,9.542981386184692383e-01,2.976378798484802246e-01,0.000000000000000000e+00,3.495261073112487793e-01,9.347675442695617676e-01,6.357001513242721558e-02,0.000000000000000000e+00,5.620857477188110352e-01,6.319481134414672852e-01,-5.335739850997924805e-01,0.000000000000000000e+00
-1.770000010728836060e-01,4.300000071525573730e-01,0.000000000000000000e+00,-6.777322292327880859e-02,7.724818587303161621e-01,1.912930235266685486e-02,9.962587952613830566e-01,5.461947992444038391e-02,6.697085499763488770e-02,0.000000000000000000e+00,9.845207929611206055e-01,-2.003436908125877380e-02,-1.741189509630203247e-01,0.000000000000000000e+00,6.821014285087585449e-01,4.625197947025299072e-01,5.664036273956298828e-01,0.000000000000000000e+00,2.667033374309539795e-01,-8.497313261032104492e-01,-4.547812938690185547e-01,0.000000000000000000e+00,2.553139254450798035e-02,9.478949308395385742e-01,3.175584971904754639e-01,0.000000000000000000e+00,3.391746282577514648e-01,9.377673864364624023e-01,7.451772689819335938e-02,0.000000000000000000e+00,5.628410577774047852e-01,6.248193383216857910e-01,-5.411199331283569336e-01,0.000000000000000000e+00
-1.770000010728836060e-01,4.300000071525573730e-01,0.000000000000000000e+00,-6.820852309465408325e-02,7.724864482879638672e-01,1.840667240321636200e-02,9.962890744209289551e-01,5.439883843064308167e-02,6.669970601797103882e-02,0.000000000000000000e+00,9.846034646034240723e-01,-2.056614868342876434e-02,-1.735888123512268066e-01,0.000000000000000000e+00,6.820061802864074707e-01,4.628494977951049805e-01,5.662489533424377441e-01,0.000000000000000000e+00,2.664982676506042480e-01,-8.492464423179626465e-01,-4.558060467243194580e-01,0.000000000000000000e+00,2.461162395775318146e-02,9.429030418395996094e-01,3.321566879749298096e-01,0.000000000000000000e+00,3.322434127330780029e-01,9.395724534988403320e-01,8.257078379392623901e-02,0.000000000000000000e+00,5.631893277168273926e-01,6.196611523628234863e-01,-5.466606020927429199e-01,0.000000000000000000e+00
-1.770000010728836060e-01,4.300000071525573730e-01,0.000000000000000000e+00,-6.878919899463653564e-02,7.724733948707580566e-01,1.768153533339500427e-02,9.963176846504211426e-01,5.417712777853012085e-02,6.645236909389495850e-02,0.000000000000000000e+00,9.847011566162109375e-01,-2.121138200163841248e-02,-1.729557961225509644e-01,0.000000000000000000e+00,6.818812489509582520e-01,4.631354212760925293e-01,5.661656260490417480e-01,0.000000000000000000e+00,2.662014961242675781e-01,-8.487718105316162109e-01,-4.568623304367065430e-01,0.000000000000000000e+00,2.404087968170642853e-02,9.367035627365112305e-01,3.492971658706665039e-01,0.000000000000000000e+00,3.241898119449615479e-01,9.415947198867797852e-01,9.110639244318008423e-02,0.000000000000000000e+00,5.633574128150939941e-01,6.143896579742431641e-01,-5.524072647094726562e-01,0.000000000000000000e+00
-1.770000010728836060e-01,4.300000071525573730e-01,0.000000000000000000e+00,-6.953669339418411255e-02,7.724565863609313965e-01,1.674807816743850708e-02,9.963534474372863770e-01,5.388070270419120789e-02,6.615675240755081177e-02,0.000000000000000000e+00,9.848513603210449219e-01,-2.222892642021179199e-02,-1.719701290130615234e-01,0.000000000000000000e+00,6.816779971122741699e-01,4.634515643119812012e-01,5.661516785621643066e-01,0.000000000000000000e+00,2.657015919685363770e-01,-8.481485843658447266e-01,-4.583084285259246826e-01,0.000000000000000000e+00,2.369951456785202026e-02,9.264468550682067871e-01,3.756787180900573730e-01,0.000000000000000000e+00,3.125684857368469238e-01,9.442772865295410156e-01,1.031566858291625977e-01,0.000000000000000000e+00,5.634671449661254883e-01,6.072641611099243164e-01,-5.601205229759216309e-01,0.000000000000000000e+00
-1.770000010728836060e-01,4.300000071525573730e-01,0.000000000000000000e+00,-7.007792592048645020e-02,7.724444866180419922e-01,1.607220433652400970e-02,9.963791370391845703e-01,5.366579443216323853e-02,6.594394892454147339e-02,0.000000000000000000e+00,9.849594831466674805e-01,-2.297388948500156403e-02,-1.712514758110046387e-01,0.000000000000000000e+00,6.815393567085266113e-01,4.636720418930053711e-01,5.661380887031555176e-01,0.000000000000000000e+00,2.653777599334716797e-01,-8.476848006248474121e-01,-4.593529105186462402e-01,0.000000000000000000e+00,2.348519116640090942e-02,9.183945059776306152e-01,3.949683606624603271e-01,0.000000000000000000e+00,3.048853278160095215e-01,9.457781910896301270e-01,1.120204776525497437e-01,0.000000000000000000e+00,5.634522438049316406e-01,6.020631194114685059e-01,-5.657221674919128418e-01,0.000000000000000000e+00
-1.770000010728836060e-01,4.300000071525573730e-01,0.000000000000000000e+00,-7.068708539009094238e-02,7.724665403366088867e-01,1.546068489551544189e-02,9.964036345481872559e-01,5.346101522445678711e-02,6.574009358882904053e-02,0.000000000000000000e+00,9.850695133209228516e-01,-2.374672517180442810e-02,-1.705115437507629395e-01,0.000000000000000000e+00,6.813908219337463379e-01,4.638845920562744141e-01,5.661427974700927734e-01,0.000000000000000000e+00,2.650302052497863770e-01,-8.471947312355041504e-01,-4.604563117027282715e-01,0.000000000000000000e+00,2.343528345227241516e-02,9.100023508071899414e-01,4.139402508735656738e-01,0.000000000000000000e+00,2.970755398273468018e-01,9.471915960311889648e-01,1.207238137722015381e-01,0.000000000000000000e+00,5.631254315376281738e-01,5.969514250755310059e-01,-5.714356303215026855e-01,0.000000000000000000e+00
-1.770000010728836060e-01,4.300000071525573730e-01,0.000000000000000000e+00,-7.152613997459411621e-02,7.725170850753784180e-01,1.470241602510213852e-02,9.964335560798645020e-01,5.321184173226356506e-02,6.548758596181869507e-02,0.000000000000000000e+00,9.852344393730163574e-01,-2.494029328227043152e-02,-1.693844497203826904e-01,0.000000000000000000e+00,6.811266541481018066e-01,4.641628861427307129e-01,5.662325620651245117e-01,0.000000000000000000e+00,2.643837332725524902e-01,-8.464228510856628418e-01,-4.622441232204437256e-01,0.000000000000000000e+00,2.391304075717926025e-02,8.979756832122802734e-01,4.393948018550872803e-01,0.000000000000000000e+00,2.847417593002319336e-01,9.494058489799499512e-01,1.324789375066757202e-01,0.000000000000000000e+00,5.622767210006713867e-01,5.901979207992553711e-01,-5.792334079742431641e-01,0.000000000000000000e+00
-1.770000010728836060e-01,4.300000071525573730e-01,0.000000000000000000e+00,-7.213366031646728516e-02,7.725537419319152832e-01,1.415338832885026932e-02,9.964550137519836426e-01,5.303317308425903320e-02,6.530603766441345215e-02,0.000000000000000000e+00,9.853544235229492188e-01,-2.582658827304840088e-02,-1.685514450073242188e-01,0.000000000000000000e+00,6.809399724006652832e-01,4.643573760986328125e-01,5.662975907325744629e-01,0.000000000000000000e+00,2.639464139938354492e-01,-8.458332419395446777e-01,-4.635713696479797363e-01,0.000000000000000000e+00,2.426298707723617554e-02,8.886706233024597168e-01,4.579037725925445557e-01,0.000000000000000000e+00,2.762633860111236572e-01,9.506646394729614258e-01,1.411215662956237793e-01,0.000000000000000000e+00,5.614641308784484863e-01,5.852488875389099121e-01,-5.850142836570739746e-01,0.000000000000000000e+00
-1.770000010728836060e-01,4.300000071525573730e-01,0.000000000000000000e+00,-7.309488952159881592e-02,7.726440429687500000e-01,1.373469550162553787e-02,9.964822530746459961e-01,5.279615893959999084e-02,6.508201360702514648e-02,0.000000000000000000e+00,9.855092763900756836e-01,-2.698370069265365601e-02,-1.674613356590270996e-01,0.000000000000000000e+00,6.806267499923706055e-01,4.646008610725402832e-01,5.664743781089782715e-01,0.000000000000000000e+00,2.632658481597900391e-01,-8.450516462326049805e-01,-4.653803110122680664e-01,0.000000000000000000e+00,2.525612339377403259e-02,8.754994869232177734e-01,4.825585782527923584e-01,0.000000000000000000e+00,2.637119591236114502e-01,9.524804353713989258e-01,1.524369865655899048e-01,0.000000000000000000e+00,5.594773888587951660e-01,5.789189934730529785e-01,-5.931591987609863281e-01,0.000000000000000000e+00
-1.770000010728836060e-01,4.300000071525573730e-01,0.000000000000000000e+00,-7.379087060689926147e-02,7.727093696594238281e-01,1.343153882771730423e-02,9.965017437934875488e-01,5.262058600783348083e-02,6.492534279823303223e-02,0.000000000000000000e+00,9.856211543083190918e-01,-2.783075906336307526e-02,-1.666624993085861206e-01,0.000000000000000000e+00,6.803660392761230469e-01,4.647687673568725586e-01,5.666498541831970215e-01,0.000000000000000000e+00,2.627309262752532959e-01,-8.444660902023315430e-01,-4.667435288429260254e-01,0.000000000000000000e+00,2.621200494468212128e-02,8.651345968246459961e-01,5.008543133735656738e-01,0.000000000000000000e+00,2.542217373847961426e-01,9.536888599395751953e-01,1.607759147882461548e-01,0.000000000000000000e+00,5.579063296318054199e-01,5.742808580398559570e-01,-5.991177558898925781e-01,0.000000000000000000e+00
-1.770000010728836060e-01,4.300000071525573730e-01,0.000000000000000000e+00,-7.424333691596984863e-02,7.727518677711486816e-01,1.323445327579975128e-02,9.965143799781799316e-01,5.250651761889457703e-02,6.482358276844024658e-02,0.000000000000000000e+00,9.856929183006286621e-01,-2.838148549199104309e-02,-1.661443710327148438e-01,0.000000000000000000e+00,6.802055239677429199e-01,4.648725688457489014e-01,5.667574405670166016e-01,0.000000000000000000e+00,2.624147236347198486e-01,-8.440766334533691406e-01,-4.676250517368316650e-01,0.000000000000000000e+00,2.677009813487529755e-02,8.581433892250061035e-01,5.127117037773132324e-01,0.000000000000000000e+00,2.485030144453048706e-01,9.542625546455383301e-01,1.662202626466751099e-01,0.000000000000000000e+00,5.569058060646057129e-01,5.712172389030456543e-01,-6.029650568962097168e-01,0.000000000000000000e+00
-1.770000010728836060e-01,4.300000071525573730e-01,0.000000000000000000e+00,-7.533740252256393433e-02,7.728974223136901855e-01,1.290861703455448151e-02,9.965364336967468262e-01,5.229818448424339294e-02,6.465326249599456787e-02,0.000000000000000000e+00,9.858106374740600586e-01,-2.965967357158660889e-02,-1.652201116085052490e-01,0.000000000000000000e+00,6.797952651977539062e-01,4.649254679679870605e-01,5.672060847282409668e-01,0.000000000000000000e+00,2.618339359760284424e-01,-8.433532118797302246e-01,-4.692529439926147461e-01,0.000000000000000000e+00,2.814623713493347168e-02,8.440375924110412598e-01,5.355448722839355469e-01,0.000000000000000000e+00,2.368888258934020996e-01,9.554318785667419434e-01,1.761636734008789062e-01,0.000000000000000000e+00,5.539785623550415039e-01,5.653468370437622070e-01,-6.111388206481933594e-01,0.000000000000000000e+00
-1.770000010728836060e-01,4.300000071525573730e-01,0.000000000000000000e+00,-7.612957060337066650e-02,7.730028629302978516e-01,1.267269346863031387e-02,9.965509176254272461e-01,5.215478315949440002e-02,6.454543024301528931e-02,0.000000000000000000e+00,9.858828186988830566e-01,-3.070422075688838959e-02,-1.645973473787307739e-01,0.000000000000000000e+00,6.794537305831909180e-01,4.648721814155578613e-01,5.676587820053100586e-01,0.000000000000000000e+00,2.614479660987854004e-01,-8.428437113761901855e-01,-4.703822135925292969e-01,0.000000000000000000e+00,2.923831157386302948e-02,8.333742618560791016e-01,5.519351959228515625e-01,0.000000000000000000e+00,2.291669994592666626e-01,9.561039209365844727e-01,1.826138198375701904e-01,0.000000000000000000e+00,5.515956282615661621e-01,5.610545277595520020e-01,-6.172196269035339355e-01,0.000000000000000000e+00
-1.770000010728836060e-01,4.300000071525573730e-01,0.000000000000000000e+00,-7.670591771602630615e-02,7.730672359466552734e-01,1.254626736044883728e-02,9.965601563453674316e-01,5.205980688333511353e-02,6.448005884885787964e-02,0.000000000000000000e+00,9.859258532524108887e-01,-3.140417858958244324e-02,-1.642071604728698730e-01,0.000000000000000000e+00,6.792496442794799805e-01,4.648136198520660400e-01,5.679509043693542480e-01,0.000000000000000000e+00,2.612040340900421143e-01,-8.425110578536987305e-01,-4.711131155490875244e-01,0.000000000000000000e+00,2.990238554775714874e-02,8.262539505958557129e-01,5.625035762786865234e-01,0.000000000000000000e+00,2.246696501970291138e-01,9.564364552497863770e-01,1.864212304353713989e-01,0.000000000000000000e+00,5.499762892723083496e-01,5.582235455513000488e-01,-6.212186217308044434e-01,0.000000000000000000e+00
-1.770000010728836060e-01,4.300000071525573730e-01,0.000000000000000000e+00,-7.794469594955444336e-02,7.731841802597045898e-01,1.235374156385660172e-02,9.965748190879821777e-01,5.184861272573471069e-02,6.442317366600036621e-02,0.000000000000000000e+00,9.859621524810791016e-01,-3.307474032044410706e-02,-1.636604517698287964e-01,0.000000000000000000e+00,6.789692044258117676e-01,4.644342362880706787e-01,5.685962438583374023e-01,0.000000000000000000e+00,2.605551779270172119e-01,-8.419211506843566895e-01,-4.725248813629150391e-01,0.000000000000000000e+00,3.140871226787567139e-02,8.123317360877990723e-01,5.823492407798767090e-01,0.000000000000000000e+00,2.150569111108779907e-01,9.574183225631713867e-01,1.926154196262359619e-01,0.000000000000000000e+00,5.457282066345214844e-01,5.528716444969177246e-01,-6.296933293342590332e-01,0.000000000000000000e+00
-1.770000010728836060e-01,4.300000071525573730e-01,0.000000000000000000e+00,-7.913465797901153564e-02,7.732964754104614258e-01,1.216880138963460922e-02,9.965878725051879883e-01,5.163695290684700012e-02,6.439174711704254150e-02,0.000000000000000000e+00,9.859789013862609863e-01,-3.478269279003143311e-02,-1.632045507431030273e-01,0.000000000000000000e+00,6.787511706352233887e-01,4.639737606048583984e-01,5.692321062088012695e-01,0.000000000000000000e+00,2.599485814571380615e-01,-8.413535356521606445e-01,-4.738681316375732422e-01,0.000000000000000000e+00,3.274606168270111084e-02,7.985307574272155762e-01,6.010626554489135742e-01,0.000000000000000000e+00,2.062772959470748901e-01,9.581646323204040527e-01,1.984192728996276855e-01,0.000000000000000000e+00,5.416818261146545410e-01,5.475722551345825195e-01,-6.377660036087036133e-01,0.000000000000000000e+00
-1.770000010728836060e-01,4.300000071525573730e-01,0.000000000000000000e+00,-7.971194386482238770e-02,7.733509540557861328e-01,1.207908336073160172e-02,9.965941309928894043e-01,5.153430998325347900e-02,6.437654048204421997e-02,0.000000000000000000e+00,9.859859347343444824e-01,-3.561132773756980896e-02,-1.629833430051803589e-01,0.000000000000000000e+00,6.786520481109619141e-01,4.637462496757507324e-01,5.695356130599975586e-01,0.000000000000000000e+00,2.596863806247711182e-01,-8.410697579383850098e-01,-4.745151400566101074e-01,0.000000000000000000e+00,3.331561759114265442e-02,7.916440963745117188e-01,6.100735068321228027e-01,0.000000000000000000e+00,2.023330032825469971e-01,9.584087133407592773e-01,2.012812644243240356e-01,0.000000000000000000e+00,5.398448109626770020e-01,5.449262857437133789e-01,-6.415784358978271484e-01,0.000000000000000000e+00
-1.770000010728836060e-01,4.300000071525573730e-01,0.000000000000000000e+00,-8.110955357551574707e-02,7.734328508377075195e-01,1.199895236641168594e-02,9.966058731079101562e-01,5.124115943908691406e-02,6.442920863628387451e-02,0.000000000000000000e+00,9.860267639160156250e-01,-3.690530359745025635e-02,-1.624477058649063110e-01,0.000000000000000000e+00,6.787371635437011719e-01,4.630395174026489258e-01,5.700089931488037109e-01,0.000000000000000000e+00,2.588673830032348633e-01,-8.403426408767700195e-01,-4.762477874755859375e-01,0.000000000000000000e+00,3.448033332824707031e-02,7.794792056083679199e-01,6.254784464836120605e-01,0.000000000000000000e+00,1.941131353378295898e-01,9.592283964157104492e-01,2.054287791252136230e-01,0.000000000000000000e+00,5.353388786315917969e-01,5.400859117507934570e-01,-6.493993401527404785e-01,0.000000000000000000e+00
-1.770000010728836060e-01,4.300000071525573730e-01,0.000000000000000000e+00,-8.245209604501724243e-02,7.735115885734558105e-01,1.192197948694229126e-02,9.966166019439697266e-01,5.088871717453002930e-02,6.454180926084518433e-02,0.000000000000000000e+00,9.860861897468566895e-01,-3.791140019893646240e-02,-1.618539839982986450e-01,0.000000000000000000e+00,6.790065765380859375e-01,4.621728658676147461e-01,5.703913569450378418e-01,0.000000000000000000e+00,2.579286396503448486e-01,-8.394883275032043457e-01,-4.782594740390777588e-01,0.000000000000000000e+00,3.556196764111518860e-02,7.686564922332763672e-01,6.386724710464477539e-01,0.000000000000000000e+00,1.864021122455596924e-01,9.600794911384582520e-01,2.085705399513244629e-01,0.000000000000000000e+00,5.307574272155761719e-01,5.354328155517578125e-01,-6.569689512252807617e-01,0.000000000000000000e+00
-1.770000010728836060e-01,4.300000071525573730e-01,0.000000000000000000e+00,-8.347019553184509277e-02,7.735812664031982422e-01,1.191026344895362854e-02,9.966244101524353027e-01,5.063027888536453247e-02,6.462440639734268188e-02,0.000000000000000000e+00,9.861305356025695801e-01,-3.862034901976585388e-02,-1.614157408475875854e-01,0.000000000000000000e+00,6.792061328887939453e-01,4.615346491336822510e-01,5.706704854965209961e-01,0.000000000000000000e+00,2.573025226593017578e-01,-8.388344645500183105e-01,-4.797418117523193359e-01,0.000000000000000000e+00,3.625922650098800659e-02,7.606175541877746582e-01,6.481868624687194824e-01,0.000000000000000000e+00,1.813150644302368164e-01,9.605619311332702637e-01,2.108213305473327637e-01,0.000000000000000000e+00,5.275542140007019043e-01,5.319583415985107422e-01,-6.623494625091552734e-01,0.000000000000000000e+00
-1.770000010728836060e-01,4.300000071525573730e-01,0.000000000000000000e+00,-8.490106463432312012e-02,7.737042307853698730e-01,1.201022602617740631e-02,9.966359734535217285e-01,5.024596676230430603e-02,6.474650651216506958e-02,0.000000000000000000e+00,9.862220287322998047e-01,-3.922656923532485962e-02,-1.607089787721633911e-01,0.000000000000000000e+00,6.797387003898620605e-01,4.604318439960479736e-01,5.709271430969238281e-01,0.000000000000000000e+00,2.561284899711608887e-01,-8.377650380134582520e-01,-4.822322130203247070e-01,0.000000000000000000e+00,3.738378360867500305e-02,7.494310140609741211e-01,6.610261797904968262e-01,0.000000000000000000e+00,1.754147857427597046e-01,9.613107442855834961e-01,2.123943418264389038e-01,0.000000000000000000e+00,5.218272209167480469e-01,5.278739333152770996e-01,-6.701085567474365234e-01,0.000000000000000000e+00
-1.770000010728836060e-01,4.300000071525573730e-01,0.000000000000000000e+00,-8.593709021806716919e-02,7.737932205200195312e-01,1.208260376006364822e-02,9.966445565223693848e-01,4.995543882250785828e-02,6.483872234821319580e-02,0.000000000000000000e+00,9.862959980964660645e-01,-3.959264606237411499e-02,-1.601645052433013916e-01,0.000000000000000000e+00,6.801642179489135742e-01,4.595807492733001709e-01,5.711060762405395508e-01,0.000000000000000000e+00,2.552756667137145996e-01,-8.369124531745910645e-01,-4.841609597206115723e-01,0.000000000000000000e+00,3.816568478941917419e-02,7.410178780555725098e-01,6.703997850418090820e-01,0.000000000000000000e+00,1.722275167703628540e-01,9.618162512779235840e-01,2.127139717340469360e-01,0.000000000000000000e+00,5.174868106842041016e-01,5.248091816902160645e-01,-6.758570671081542969e-01,0.000000000000000000e+00
-1.770000010728836060e-01,4.300000071525573730e-01,0.000000000000000000e+00,-8.694235235452651978e-02,7.738795876502990723e-01,1.215283293277025223e-02,9.966528415679931641e-01,4.967359080910682678e-02,6.492825597524642944e-02,0.000000000000000000e+00,9.863670468330383301e-01,-3.994809463620185852e-02,-1.596376299858093262e-01,0.000000000000000000e+00,6.805500984191894531e-01,4.587701261043548584e-01,5.712981224060058594e-01,0.000000000000000000e+00,2.545370757579803467e-01,-8.360602855682373047e-01,-4.860185682773590088e-01,0.000000000000000000e+00,3.883235901594161987e-02,7.327224612236022949e-01,6.794188022613525391e-01,0.000000000000000000e+00,1.700317114591598511e-01,9.622564315795898438e-01,2.124895602464675903e-01,0.000000000000000000e+00,5.134456157684326172e-01,5.216300487518310547e-01,-6.813778281211853027e-01,0.000000000000000000e+00
-1.770000010728836060e-01,4.300000071525573730e-01,0.000000000000000000e+00,-8.804655075073242188e-02,7.739530801773071289e-01,1.219966541975736618e-02,9.966632723808288574e-01,4.935206472873687744e-02,6.501314789056777954e-02,0.000000000000000000e+00,9.864385128021240234e-01,-4.020042344927787781e-02,-1.591318547725677490e-01,0.000000000000000000e+00,6.810368895530700684e-01,4.578728079795837402e-01,5.714378952980041504e-01,0.000000000000000000e+00,2.536374628543853760e-01,-8.351795077323913574e-01,-4.879991710186004639e-01,0.000000000000000000e+00,3.964127972722053528e-02,7.247794270515441895e-01,6.878396272659301758e-01,0.000000000000000000e+00,1.684162765741348267e-01,9.627933502197265625e-01,2.113406956195831299e-01,0.000000000000000000e+00,5.089221000671386719e-01,5.186800956726074219e-01,-6.870002150535583496e-01,0.000000000000000000e+00
-1.770000010728836060e-01,4.300000071525573730e-01,0.000000000000000000e+00,-8.946797251701354980e-02,7.740476131439208984e-01,1.225995272397994995e-02,9.966801404953002930e-01,4.886869341135025024e-02,6.511960178613662720e-02,0.000000000000000000e+00,9.865342378616333008e-01,-4.039143398404121399e-02,-1.584888845682144165e-01,0.000000000000000000e+00,6.818088889122009277e-01,4.565670192241668701e-01,5.715620517730712891e-01,0.000000000000000000e+00,2.522622644901275635e-01,-8.339545130729675293e-01,-4.907990097999572754e-01,0.000000000000000000e+00,4.087173566222190857e-02,7.147269845008850098e-01,6.982082724571228027e-01,0.000000000000000000e+00,1.669982671737670898e-01,9.636632800102233887e-01,2.084816992282867432e-01,0.000000000000000000e+00,5.025649666786193848e-01,5.150572657585144043e-01,-6.943662166595458984e-01,0.000000000000000000e+00
-1.770000010728836060e-01,4.300000071525573730e-01,0.000000000000000000e+00,-9.049716591835021973e-02,7.741160988807678223e-01,1.230360381305217743e-02,9.966923594474792480e-01,4.851575568318367004e-02,6.519664824008941650e-02,0.000000000000000000e+00,9.866032004356384277e-01,-4.052421078085899353e-02,-1.580252051353454590e-01,0.000000000000000000e+00,6.823336482048034668e-01,4.556377232074737549e-01,5.716774463653564453e-01,0.000000000000000000e+00,2.513755857944488525e-01,-8.330306410789489746e-01,-4.928186535835266113e-01,0.000000000000000000e+00,4.165325686335563660e-02,7.073567509651184082e-01,7.056283950805664062e-01,0.000000000000000000e+00,1.665721982717514038e-01,9.643090963363647461e-01,2.058195024728775024e-01,0.000000000000000000e+00,4.984057545661926270e-01,5.122684240341186523e-01,-6.994088888168334961e-01,0.000000000000000000e+00
-1.770000010728836060e-01,4.300000071525573730e-01,0.000000000000000000e+00,-9.201212227344512939e-02,7.739678621292114258e-01,1.225870288908481598e-02,9.967163801193237305e-01,4.786160960793495178e-02,6.531251966953277588e-02,0.000000000000000000e+00,9.866970181465148926e-01,-4.078860580921173096e-02,-1.573697924613952637e-01,0.000000000000000000e+00,6.831264495849609375e-01,4.541705846786499023e-01,5.718980431556701660e-01,0.000000000000000000e+00,2.502475082874298096e-01,-8.318901062011718750e-01,-4.953130781650543213e-01,0.000000000000000000e+00,4.259672760963439941e-02,6.984188556671142578e-01,7.144204974174499512e-01,0.000000000000000000e+00,1.663933843374252319e-01,9.653731584548950195e-01,2.009177953004837036e-01,0.000000000000000000e+00,4.922266304492950439e-01,5.089592337608337402e-01,-7.061681151390075684e-01,0.000000000000000000e+00
-1.770000010728836060e-01,4.300000071525573730e-01,0.000000000000000000e+00,-9.346737712621688843e-02,7.738254666328430176e-01,1.221557147800922394e-02,9.967453479766845703e-01,4.708263278007507324e-02,6.543653458356857300e-02,0.000000000000000000e+00,9.867906570434570312e-01,-4.111324623227119446e-02,-1.566968858242034912e-01,0.000000000000000000e+00,6.839455962181091309e-01,4.525736570358276367e-01,5.721848607063293457e-01,0.000000000000000000e+00,2.492246031761169434e-01,-8.308184742927551270e-01,-4.976221323013305664e-01,0.000000000000000000e+00,4.341611638665199280e-02,6.902359724044799805e-01,7.222806215286254883e-01,0.000000000000000000e+00,1.667920053005218506e-01,9.665070772171020508e-01,1.950500011444091797e-01,0.000000000000000000e+00,4.858935177326202393e-01,5.057619810104370117e-01,-7.128199934959411621e-01,0.000000000000000000e+00
-1.770000010728836060e-01,4.300000071525573730e-01,0.000000000000000000e+00,-9.420843422412872314e-02,7.737315893173217773e-01,1.215019170194864273e-02,9.967599511146545410e-01,4.669364541769027710e-02,6.549289077520370483e-02,0.000000000000000000e+00,9.868378043174743652e-01,-4.129726439714431763e-02,-1.563511341810226440e-01,0.000000000000000000e+00,6.843292713165283203e-01,4.517950117588043213e-01,5.723414421081542969e-01,0.000000000000000000e+00,2.487839311361312866e-01,-8.302801251411437988e-01,-4.987398684024810791e-01,0.000000000000000000e+00,4.379060119390487671e-02,6.862379908561706543e-01,7.260577082633972168e-01,0.000000000000000000e+00,1.670892089605331421e-01,9.670823216438293457e-01,1.919192373752593994e-01,0.000000000000000000e+00,4.827499091625213623e-01,5.041725039482116699e-01,-7.160744667053222656e-01,0.000000000000000000e+00
-1.770000010728836060e-01,4.300000071525573730e-01,0.000000000000000000e+00,-9.571535885334014893e-02,7.735008597373962402e-01,1.193616259843111038e-02,9.967993497848510742e-01,4.577171057462692261e-02,6.554416567087173462e-02,0.000000000000000000e+00,9.869594573974609375e-01,-4.204897582530975342e-02,-1.553797274827957153e-01,0.000000000000000000e+00,6.852065920829772949e-01,4.500369727611541748e-01,5.726767778396606445e-01,0.000000000000000000e+00,2.480415701866149902e-01,-8.291510343551635742e-01,-5.009829401969909668e-01,0.000000000000000000e+00,4.478873312473297119e-02,6.785238385200500488e-01,7.332116961479187012e-01,0.000000000000000000e+00,1.677664220333099365e-01,9.681956768035888672e-01,1.856113523244857788e-01,0.000000000000000000e+00,4.754948019981384277e-01,5.013256072998046875e-01,-7.228950858116149902e-01,0.000000000000000000e+00
-1.770000010728836060e-01,4.300000071525573730e-01,0.000000000000000000e+00,-9.716290235519409180e-02,7.732791900634765625e-01,1.173056662082672119e-02,9.968400597572326660e-01,4.483122378587722778e-02,6.557451188564300537e-02,0.000000000000000000e+00,9.870843887329101562e-01,-4.290171712636947632e-02,-1.543498486280441284e-01,0.000000000000000000e+00,6.860345602035522461e-01,4.482987523078918457e-01,5.730487108230590820e-01,0.000000000000000000e+00,2.474357485771179199e-01,-8.280187845230102539e-01,-5.031505227088928223e-01,0.000000000000000000e+00,4.571121558547019958e-02,6.710737943649291992e-01,7.399800419807434082e-01,0.000000000000000000e+00,1.687355041503906250e-01,9.692671895027160645e-01,1.790236383676528931e-01,0.000000000000000000e+00,4.686471819877624512e-01,4.983785450458526611e-01,-7.293755412101745605e-01,0.000000000000000000e+00
-1.770000010728836060e-01,4.300000071525573730e-01,0.000000000000000000e+00,-9.826961159706115723e-02,7.731286287307739258e-01,1.155353989452123642e-02,9.968712925910949707e-01,4.412793740630149841e-02,6.557741761207580566e-02,0.000000000000000000e+00,9.871797561645507812e-01,-4.348443076014518738e-02,-1.535747796297073364e-01,0.000000000000000000e+00,6.866080760955810547e-01,4.469391405582427979e-01,5.734237432479858398e-01,0.000000000000000000e+00,2.469884306192398071e-01,-8.272249102592468262e-01,-5.046737790107727051e-01,0.000000000000000000e+00,4.639437794685363770e-02,6.655371189117431641e-01,7.449213862419128418e-01,0.000000000000000000e+00,1.695409268140792847e-01,9.700278639793395996e-01,1.740741282701492310e-01,0.000000000000000000e+00,4.635869562625885010e-01,4.962569177150726318e-01,-7.340409755706787109e-01,0.000000000000000000e+00
-1.770000010728836060e-01,4.300000071525573730e-01,0.000000000000000000e+00,-9.937232732772827148e-02,7.729874253273010254e-01,1.136789843440055847e-02,9.969074726104736328e-01,4.338155686855316162e-02,6.552548706531524658e-02,0.000000000000000000e+00,9.872893691062927246e-01,-4.395042732357978821e-02,-1.527353227138519287e-01,0.000000000000000000e+00,6.871826052665710449e-01,4.452808797359466553e-01,5.740252733230590820e-01,0.000000000000000000e+00,2.464262247085571289e-01,-8.265588879585266113e-01,-5.060380697250366211e-01,0.000000000000000000e+00,4.727404937148094177e-02,6.598501801490783691e-01,7.499086260795593262e-01,0.000000000000000000e+00,1.706151962280273438e-01,9.707103371620178223e-01,1.691506356000900269e-01,0.000000000000000000e+00,4.580733776092529297e-01,4.943718910217285156e-01,-7.387592196464538574e-01,0.000000000000000000e+00
-1.770000010728836060e-01,4.300000071525573730e-01,0.000000000000000000e+00,-1.007918342947959900e-01,7.728056907653808594e-01,1.112892478704452515e-02,9.969548583030700684e-01,4.240342229604721069e-02,6.544388830661773682e-02,0.000000000000000000e+00,9.874335527420043945e-01,-4.452341794967651367e-02,-1.516333371400833130e-01,0.000000000000000000e+00,6.878795027732849121e-01,4.430772066116333008e-01,5.748951435089111328e-01,0.000000000000000000e+00,2.457465380430221558e-01,-8.257103562355041504e-01,-5.077509880065917969e-01,0.000000000000000000e+00,4.833031073212623596e-02,6.523932814598083496e-01,7.563380002975463867e-01,0.000000000000000000e+00,1.721279770135879517e-01,9.716059565544128418e-01,1.623385399580001831e-01,0.000000000000000000e+00,4.513457417488098145e-01,4.917387962341308594e-01,-7.446340918540954590e-01,0.000000000000000000e+00
-1.770000010728836060e-01,4.300000071525573730e-01,0.000000000000000000e+00,-1.019138842821121216e-01,7.726845145225524902e-01,1.101131178438663483e-02,9.969896674156188965e-01,4.167974367737770081e-02,6.537873297929763794e-02,0.000000000000000000e+00,9.875341057777404785e-01,-4.506718367338180542e-02,-1.508157551288604736e-01,0.000000000000000000e+00,6.883692145347595215e-01,4.413568973541259766e-01,5.756317973136901855e-01,0.000000000000000000e+00,2.452928870916366577e-01,-8.250909447669982910e-01,-5.089757442474365234e-01,0.000000000000000000e+00,4.929462820291519165e-02,6.460916399955749512e-01,7.616663575172424316e-01,0.000000000000000000e+00,1.732400208711624146e-01,9.723739624023437500e-01,1.564507186412811279e-01,0.000000000000000000e+00,4.463809728622436523e-01,4.897640347480773926e-01,-7.489160299301147461e-01,0.000000000000000000e+00
-1.770000010728836060e-01,4.300000071525573730e-01,0.000000000000000000e+00,-1.033582910895347595e-01,7.725285291671752930e-01,1.085991039872169495e-02,9.970352053642272949e-01,4.072575643658638000e-02,6.528604775667190552e-02,0.000000000000000000e+00,9.876578450202941895e-01,-4.595346003770828247e-02,-1.497341543436050415e-01,0.000000000000000000e+00,6.889845132827758789e-01,4.389575123786926270e-01,5.767292976379394531e-01,0.000000000000000000e+00,2.447492480278015137e-01,-8.242903947830200195e-01,-5.105322003364562988e-01,0.000000000000000000e+00,5.078716203570365906e-02,6.366500854492187500e-01,7.694786190986633301e-01,0.000000000000000000e+00,1.747405827045440674e-01,9.734287261962890625e-01,1.479941308498382568e-01,0.000000000000000000e+00,4.399411976337432861e-01,4.870981872081756592e-01,-7.544448971748352051e-01,0.000000000000000000e+00
-1.770000010728836060e-01,4.300000071525573730e-01,0.000000000000000000e+00,-1.040590107440948486e-01,7.724528908729553223e-01,1.078646164387464523e-02,9.970569610595703125e-01,4.026242718100547791e-02,6.524097174406051636e-02,0.000000000000000000e+00,9.877168536186218262e-01,-4.638904333114624023e-02,-1.492096036672592163e-01,0.000000000000000000e+00,6.892634034156799316e-01,4.377973377704620361e-01,5.772776603698730469e-01,0.000000000000000000e+00,2.445134669542312622e-01,-8.238951563835144043e-01,-5.112826228141784668e-01,0.000000000000000000e+00,5.143669247627258301e-02,6.319941878318786621e-01,7.732642292976379395e-01,0.000000000000000000e+00,1.754576563835144043e-01,9.739391207695007324e-01,1.437261849641799927e-01,0.000000000000000000e+00,4.370673596858978271e-01,4.857033491134643555e-01,-7.570101618766784668e-01,0.000000000000000000e+00
-1.770000010728836060e-01,4.300000071525573730e-01,0.000000000000000000e+00,-1.055252104997634888e-01,7.722548246383666992e-01,1.067671272903680801e-02,9.971008300781250000e-01,3.929112851619720459e-02,6.516255438327789307e-02,0.000000000000000000e+00,9.878427982330322266e-01,-4.711670801043510437e-02,-1.481438577175140381e-01,0.000000000000000000e+00,6.898102164268493652e-01,4.355989694595336914e-01,5.782866477966308594e-01,0.000000000000000000e+00,2.435690611600875854e-01,-8.229319453239440918e-01,-5.132807493209838867e-01,0.000000000000000000e+00,5.263913795351982117e-02,6.224447488784790039e-01,7.808915972709655762e-01,0.000000000000000000e+00,1.763124763965606689e-01,9.750942587852478027e-01,1.345553100109100342e-01,0.000000000000000000e+00,4.317529797554016113e-01,4.830969870090484619e-01,-7.617129683494567871e-01,0.000000000000000000e+00
-1.770000010728836060e-01,4.300000071525573730e-01,0.000000000000000000e+00,-1.066130101680755615e-01,7.720987796783447266e-01,1.060532405972480774e-02,9.971349239349365234e-01,3.849289938807487488e-02,6.511757522821426392e-02,0.000000000000000000e+00,9.879498481750488281e-01,-4.748876765370368958e-02,-1.473087668418884277e-01,0.000000000000000000e+00,6.902297735214233398e-01,4.340698421001434326e-01,5.789354443550109863e-01,0.000000000000000000e+00,2.422879487276077271e-01,-8.219643235206604004e-01,-5.154330134391784668e-01,0.000000000000000000e+00,5.350381135940551758e-02,6.148791313171386719e-01,7.868042588233947754e-01,0.000000000000000000e+00,1.766647845506668091e-01,9.759994149208068848e-01,1.273371130228042603e-01,0.000000000000000000e+00,4.280812740325927734e-01,4.812543094158172607e-01,-7.649449110031127930e-01,0.000000000000000000e+00
-1.770000010728836060e-01,4.300000071525573730e-01,0.000000000000000000e+00,-1.076684966683387756e-01,7.719473838806152344e-01,1.053605508059263229e-02,9.971675276756286621e-01,3.771243616938591003e-02,6.507489085197448730e-02,0.000000000000000000e+00,9.880537390708923340e-01,-4.784021154046058655e-02,-1.464962214231491089e-01,0.000000000000000000e+00,6.906130313873291016e-01,4.326028823852539062e-01,5.795760154724121094e-01,0.000000000000000000e+00,2.411363422870635986e-01,-8.209743499755859375e-01,-5.175464749336242676e-01,0.000000000000000000e+00,5.424915626645088196e-02,6.074379086494445801e-01,7.925125956535339355e-01,0.000000000000000000e+00,1.770275980234146118e-01,9.768553972244262695e-01,1.200613677501678467e-01,0.000000000000000000e+00,4.248327314853668213e-01,4.793820083141326904e-01,-7.679257988929748535e-01,0.000000000000000000e+00
-1.770000010728836060e-01,4.300000071525573730e-01,0.000000000000000000e+00,-1.092147529125213623e-01,7.717776298522949219e-01,1.047735847532749176e-02,9.972088932991027832e-01,3.665545955300331116e-02,6.504435837268829346e-02,0.000000000000000000e+00,9.881851077079772949e-01,-4.814808815717697144e-02,-1.455058604478836060e-01,0.000000000000000000e+00,6.911992430686950684e-01,4.306763708591461182e-01,5.803114771842956543e-01,0.000000000000000000e+00,2.394999265670776367e-01,-8.194098472595214844e-01,-5.207756757736206055e-01,0.000000000000000000e+00,5.554793775081634521e-02,5.983830094337463379e-01,7.992823123931884766e-01,0.000000000000000000e+00,1.773930042982101440e-01,9.779932498931884766e-01,1.098220422863960266e-01,0.000000000000000000e+00,4.210770130157470703e-01,4.772268533706665039e-01,-7.713291645050048828e-01,0.000000000000000000e+00
-1.770000010728836060e-01,4.300000071525573730e-01,0.000000000000000000e+00,-1.107000708580017090e-01,7.716146111488342285e-01,1.042097527533769608e-02,9.972478151321411133e-01,3.560075536370277405e-02,6.503354012966156006e-02,0.000000000000000000e+00,9.883093237876892090e-01,-4.833512008190155029e-02,-1.445974260568618774e-01,0.000000000000000000e+00,6.918095350265502930e-01,4.288091659545898438e-01,5.809666514396667480e-01,0.000000000000000000e+00,2.379057407379150391e-01,-8.176603913307189941e-01,-5.242445468902587891e-01,0.000000000000000000e+00,5.694146454334259033e-02,5.900731086730957031e-01,8.053393363952636719e-01,0.000000000000000000e+00,1.777321994304656982e-01,9.790346026420593262e-01,9.951134026050567627e-02,0.000000000000000000e+00,4.178961813449859619e-01,4.751886427402496338e-01,-7.743116617202758789e-01,0.000000000000000000e+00
-1.770000010728836060e-01,4.300000071525573730e-01,0.000000000000000000e+00,-1.114206388592720032e-01,7.715354561805725098e-01,1.039362233132123947e-02,9.972662925720214844e-01,3.508919477462768555e-02,6.502841413021087646e-02,0.000000000000000000e+00,9.883690476417541504e-01,-4.842615872621536255e-02,-1.441578567028045654e-01,0.000000000000000000e+00,6.920860409736633301e-01,4.279134571552276611e-01,5.812976956367492676e-01,0.000000000000000000e+00,2.372165471315383911e-01,-8.167884945869445801e-01,-5.259133577346801758e-01,0.000000000000000000e+00,5.753674730658531189e-02,5.860177278518676758e-01,8.082528710365295410e-01,0.000000000000000000e+00,1.779426038265228271e-01,9.795078635215759277e-01,9.434404969215393066e-02,0.000000000000000000e+00,4.164906144142150879e-01,4.741669297218322754e-01,-7.756940722465515137e-01,0.000000000000000000e+00
-1.770000010728836060e-01,4.300000071525573730e-01,0.000000000000000000e+00,-1.129655092954635620e-01,7.714104652404785156e-01,1.036287844181060791e-02,9.973005652427673340e-01,3.402775526046752930e-02,6.506729871034622192e-02,0.000000000000000000e+00,9.884892702102661133e-01,-4.826156049966812134e-02,-1.433867067098617554e-01,0.000000000000000000e+00,6.925306320190429688e-01,4.260188639163970947e-01,5.821591019630432129e-01,0.000000000000000000e+00,2.358136922121047974e-01,-8.147422075271606445e-01,-5.297046303749084473e-01,0.000000000000000000e+00,5.936206877231597900e-02,5.772168636322021484e-01,8.144303560256958008e-01,0.000000000000000000e+00,1.789571046829223633e-01,9.802986979484558105e-01,8.359918743371963501e-02,0.000000000000000000e+00,4.137777984142303467e-01,4.723047316074371338e-01,-7.782776951789855957e-01,0.000000000000000000e+00
-1.770000010728836060e-01,4.300000071525573730e-01,0.000000000000000000e+00,-1.144495084881782532e-01,7.712903618812561035e-01,1.033334527164697647e-02,9.973316788673400879e-01,3.295642510056495667e-02,6.514158099889755249e-02,0.000000000000000000e+00,9.886075258255004883e-01,-4.784652963280677795e-02,-1.427089869976043701e-01,0.000000000000000000e+00,6.928778290748596191e-01,4.240849912166595459e-01,5.831571221351623535e-01,0.000000000000000000e+00,2.345048636198043823e-01,-8.124796748161315918e-01,-5.337455272674560547e-01,0.000000000000000000e+00,6.142420694231987000e-02,5.680220127105712891e-01,8.207179903984069824e-01,0.000000000000000000e+00,1.801014244556427002e-01,9.809549450874328613e-01,7.273843884468078613e-02,0.000000000000000000e+00,4.113841950893402100e-01,4.705000519752502441e-01,-7.806361317634582520e-01,0.000000000000000000e+00
-1.770000010728836060e-01,4.300000071525573730e-01,0.000000000000000000e+00,-1.155240088701248169e-01,7.712034583091735840e-01,1.031196210533380508e-02,9.973534941673278809e-01,3.218083456158638000e-02,6.519551575183868408e-02,0.000000000000000000e+00,9.886924624443054199e-01,-4.754668101668357849e-02,-1.422200947999954224e-01,0.000000000000000000e+00,6.931090354919433594e-01,4.226939380168914795e-01,5.838918685913085938e-01,0.000000000000000000e+00,2.336748838424682617e-01,-8.108045458793640137e-01,-5.366488695144653320e-01,0.000000000000000000e+00,6.271333247423171997e-02,5.613177418708801270e-01,8.252208232879638672e-01,0.000000000000000000e+00,1.810092628002166748e-01,9.813365936279296875e-01,6.491625308990478516e-02,0.000000000000000000e+00,4.098233580589294434e-01,4.691900312900543213e-01,-7.822439074516296387e-01,0.000000000000000000e+00
-1.770000010728836060e-01,4.300000071525573730e-01,0.000000000000000000e+00,-1.169026046991348267e-01,7.710008025169372559e-01,1.030497159808874130e-02,9.973854422569274902e-01,3.106467053294181824e-02,6.524767726659774780e-02,0.000000000000000000e+00,9.887868165969848633e-01,-4.708453267812728882e-02,-1.417167484760284424e-01,0.000000000000000000e+00,6.932488679885864258e-01,4.207458496093750000e-01,5.851315855979919434e-01,0.000000000000000000e+00,2.326527237892150879e-01,-8.083662986755371094e-01,-5.407556295394897461e-01,0.000000000000000000e+00,6.491664052009582520e-02,5.519991517066955566e-01,8.313138484954833984e-01,0.000000000000000000e+00,1.827235966920852661e-01,9.816012382507324219e-01,5.541755259037017822e-02,0.000000000000000000e+00,4.079864621162414551e-01,4.676619172096252441e-01,-7.841169238090515137e-01,0.000000000000000000e+00
-1.770000010728836060e-01,4.300000071525573730e-01,0.000000000000000000e+00,-1.179007813334465027e-01,7.708541154861450195e-01,1.029990985989570618e-02,9.974104762077331543e-01,3.018958494067192078e-02,6.527566909790039062e-02,0.000000000000000000e+00,9.888466596603393555e-01,-4.670665413141250610e-02,-1.414240151643753052e-01,0.000000000000000000e+00,6.932652592658996582e-01,4.192416667938232422e-01,5.861908793449401855e-01,0.000000000000000000e+00,2.319565564393997192e-01,-8.064317703247070312e-01,-5.439338088035583496e-01,0.000000000000000000e+00,6.671892851591110229e-02,5.448460578918457031e-01,8.358775973320007324e-01,0.000000000000000000e+00,1.839420497417449951e-01,9.817441701889038086e-01,4.841218143701553345e-02,0.000000000000000000e+00,4.068208634853363037e-01,4.665490388870239258e-01,-7.853844761848449707e-01,0.000000000000000000e+00
-1.770000010728836060e-01,4.300000071525573730e-01,0.000000000000000000e+00,-1.192053183913230896e-01,7.707030773162841797e-01,1.026874408125877380e-02,9.974415898323059082e-01,2.906628139317035675e-02,6.531001627445220947e-02,0.000000000000000000e+00,9.889218211174011230e-01,-4.623058810830116272e-02,-1.410546153783798218e-01,0.000000000000000000e+00,6.932833790779113770e-01,4.172960817813873291e-01,5.875560641288757324e-01,0.000000000000000000e+00,2.311250120401382446e-01,-8.039015531539916992e-01,-5.480177402496337891e-01,0.000000000000000000e+00,6.872070580720901489e-02,5.356078147888183594e-01,8.416660428047180176e-01,0.000000000000000000e+00,1.853474080562591553e-01,9.818900823593139648e-01,3.921946883201599121e-02,0.000000000000000000e+00,4.054906964302062988e-01,4.650752842426300049e-01,-7.869449257850646973e-01,0.000000000000000000e+00
-1.770000010728836060e-01,4.300000071525573730e-01,0.000000000000000000e+00,-1.205160766839981079e-01,7.706689834594726562e-01,1.016632653772830963e-02,9.974709153175354004e-01,2.803580462932586670e-02,6.531297415494918823e-02,0.000000000000000000e+00,9.889727234840393066e-01,-4.592974483966827393e-02,-1.407954245805740356e-01,0.000000000000000000e+00,6.933254599571228027e-01,4.153014719486236572e-01,5.889180898666381836e-01,0.000000000000000000e+00,2.297650724649429321e-01,-8.014311790466308594e-01,-5.521920323371887207e-01,0.000000000000000000e+00,7.027582079172134399e-02,5.271545648574829102e-01,8.468585610389709473e-01,0.000000000000000000e+00,1.865408122539520264e-01,9.819830656051635742e-01,3.019505366683006287e-02,0.000000000000000000e+00,4.044241011142730713e-01,4.636480510234832764e-01,-7.883347272872924805e-01,0.000000000000000000e+00
-1.770000010728836060e-01,4.300000071525573730e-01,0.000000000000000000e+00,-1.214651390910148621e-01,7.706443667411804199e-01,1.009217090904712677e-02,9.974915981292724609e-01,2.730108983814716339e-02,6.530819833278656006e-02,0.000000000000000000e+00,9.890046119689941406e-01,-4.574857652187347412e-02,-1.406304389238357544e-01,0.000000000000000000e+00,6.933580636978149414e-01,4.138278961181640625e-01,5.899161696434020996e-01,0.000000000000000000e+00,2.287498712539672852e-01,-7.996037602424621582e-01,-5.552542805671691895e-01,0.000000000000000000e+00,7.123104482889175415e-02,5.211139321327209473e-01,8.505094647407531738e-01,0.000000000000000000e+00,1.873169690370559692e-01,9.820172786712646484e-01,2.354618161916732788e-02,0.000000000000000000e+00,4.037472903728485107e-01,4.625977873802185059e-01,-7.892980575561523438e-01,0.000000000000000000e+00
-1.770000010728836060e-01,4.300000071525573730e-01,0.000000000000000000e+00,-1.226868480443954468e-01,7.706125974655151367e-01,9.996710345149040222e-03,9.975174069404602051e-01,2.635541930794715881e-02,6.530224531888961792e-02,0.000000000000000000e+00,9.890454411506652832e-01,-4.551565274596214294e-02,-1.404188722372055054e-01,0.000000000000000000e+00,6.933938860893249512e-01,4.119305610656738281e-01,5.912005901336669922e-01,0.000000000000000000e+00,2.276042997837066650e-01,-7.972021698951721191e-01,-5.591645240783691406e-01,0.000000000000000000e+00,7.229286432266235352e-02,5.132984519004821777e-01,8.551598787307739258e-01,0.000000000000000000e+00,1.895393878221511841e-01,9.817418456077575684e-01,1.605487987399101257e-02,0.000000000000000000e+00,4.022948741912841797e-01,4.614499509334564209e-01,-7.907103300094604492e-01,0.000000000000000000e+00
-1.770000010728836060e-01,4.300000071525573730e-01,0.000000000000000000e+00,-1.238604187965393066e-01,7.705821394920349121e-01,9.905012324452400208e-03,9.975413680076599121e-01,2.544713579118251801e-02,6.529672443866729736e-02,0.000000000000000000e+00,9.890844225883483887e-01,-4.529221728444099426e-02,-1.402165293693542480e-01,0.000000000000000000e+00,6.934221982955932617e-01,4.101072847843170166e-01,5.924336910247802734e-01,0.000000000000000000e+00,2.266581356525421143e-01,-7.948469519615173340e-01,-5.628893375396728516e-01,0.000000000000000000e+00,7.315392792224884033e-02,5.057490468025207520e-01,8.595733642578125000e-01,0.000000000000000000e+00,1.923588067293167114e-01,9.812772870063781738e-01,9.639827534556388855e-03,0.000000000000000000e+00,4.005749821662902832e-01,4.604738950729370117e-01,-7.921511530876159668e-01,0.000000000000000000e+00
-1.770000010728836060e-01,4.300000071525573730e-01,0.000000000000000000e+00,-1.249877512454986572e-01,7.705528736114501953e-01,9.816927835345268250e-03,9.975636005401611328e-01,2.457475289702415466e-02,6.529160588979721069e-02,0.000000000000000000e+00,9.891216158866882324e-01,-4.507787898182868958e-02,-1.400230079889297485e-01,0.000000000000000000e+00,6.934441328048706055e-01,4.083549976348876953e-01,5.936172604560852051e-01,0.000000000000000000e+00,2.258764058351516724e-01,-7.925434708595275879e-01,-5.664403438568115234e-01,0.000000000000000000e+00,7.385151088237762451e-02,4.984587132930755615e-01,8.637620210647583008e-01,0.000000000000000000e+00,1.947179585695266724e-01,9.808534979820251465e-01,3.365705721080303192e-03,0.000000000000000000e+00,3.991173803806304932e-01,4.594871699810028076e-01,-7.934588193893432617e-01,0.000000000000000000e+00
-1.770000010728836060e-01,4.300000071525573730e-01,0.000000000000000000e+00,-1.258280724287033081e-01,7.706054449081420898e-01,9.712921455502510071e-03,9.975793957710266113e-01,2.394621819257736206e-02,6.528380513191223145e-02,0.000000000000000000e+00,9.891521334648132324e-01,-4.491129517555236816e-02,-1.398608535528182983e-01,0.000000000000000000e+00,6.934684514999389648e-01,4.070785939693450928e-01,5.944648981094360352e-01,0.000000000000000000e+00,2.253303378820419312e-01,-7.908062934875488281e-01,-5.690796375274658203e-01,0.000000000000000000e+00,7.429198920726776123e-02,4.931786954402923584e-01,8.667499423027038574e-01,0.000000000000000000e+00,1.965247243642807007e-01,9.804980158805847168e-01,-1.288739033043384552e-03,0.000000000000000000e+00,3.982833325862884521e-01,4.588247239589691162e-01,-7.942608594894409180e-01,0.000000000000000000e+00
-1.770000010728836060e-01,4.300000071525573730e-01,0.000000000000000000e+00,-1.266908496618270874e-01,7.708017826080322266e-01,9.532750584185123444e-03,9.975964426994323730e-01,2.336850017309188843e-02,6.523204594850540161e-02,0.000000000000000000e+00,9.892204999923706055e-01,-4.462829232215881348e-02,-1.394670754671096802e-01,0.000000000000000000e+00,6.936075091361999512e-01,4.057671725749969482e-01,5.951988101005554199e-01,0.000000000000000000e+00,2.243470549583435059e-01,-7.886123657226562500e-01,-5.725023746490478516e-01,0.000000000000000000e+00,7.472917437553405762e-02,4.882693886756896973e-01,8.694875240325927734e-01,0.000000000000000000e+00,1.989104002714157104e-01,9.799994230270385742e-01,-5.985864903777837753e-03,0.000000000000000000e+00,3.978469371795654297e-01,4.584057033061981201e-01,-7.947213649749755859e-01,0.000000000000000000e+00
-1.770000010728836060e-01,4.300000071525573730e-01,0.000000000000000000e+00,-1.280722618103027344e-01,7.711161971092224121e-01,9.244279004633426666e-03,9.976248145103454590e-01,2.246880903840065002e-02,6.511471420526504517e-02,0.000000000000000000e+00,9.893594384193420410e-01,-4.408087208867073059e-02,-1.386536359786987305e-01,0.000000000000000000e+00,6.938988566398620605e-01,4.036199152469635010e-01,5.963181257247924805e-01,0.000000000000000000e+00,2.226118445396423340e-01,-7.846336960792541504e-01,-5.786138176918029785e-01,0.000000000000000000e+00,7.536552101373672485e-02,4.805589616298675537e-01,8.737179636955261230e-01,0.000000000000000000e+00,2.024914771318435669e-01,9.791886806488037109e-01,-1.366489846259355545e-02,0.000000000000000000e+00,3.973220288753509521e-01,4.578082561492919922e-01,-7.953280806541442871e-01,0.000000000000000000e+00
-1.770000010728836060e-01,4.300000071525573730e-01,0.000000000000000000e+00,-1.286056786775588989e-01,7.712375521659851074e-01,9.132889099419116974e-03,9.976354837417602539e-01,2.212144993245601654e-02,6.506949663162231445e-02,0.000000000000000000e+00,9.894126057624816895e-01,-4.386988282203674316e-02,-1.383406519889831543e-01,0.000000000000000000e+00,6.940021514892578125e-01,4.027945995330810547e-01,5.967558026313781738e-01,0.000000000000000000e+00,2.220151424407958984e-01,-7.830576896667480469e-01,-5.809732675552368164e-01,0.000000000000000000e+00,7.557652890682220459e-02,4.775713682174682617e-01,8.753364086151123047e-01,0.000000000000000000e+00,2.036821693181991577e-01,9.788951873779296875e-01,-1.666864939033985138e-02,0.000000000000000000e+00,3.971697390079498291e-01,4.575730562210083008e-01,-7.955394983291625977e-01,0.000000000000000000e+00
-1.770000010728836060e-01,4.300000071525573730e-01,0.000000000000000000e+00,-1.296994239091873169e-01,7.715625166893005371e-01,9.142525494098663330e-03,9.976589679718017578e-01,2.142733521759510040e-02,6.494157016277313232e-02,0.000000000000000000e+00,9.895554184913635254e-01,-4.321407526731491089e-02,-1.375232785940170288e-01,0.000000000000000000e+00,6.943052411079406738e-01,4.010025262832641602e-01,5.976095795631408691e-01,0.000000000000000000e+00,2.206976562738418579e-01,-7.795467972755432129e-01,-5.861734151840209961e-01,0.000000000000000000e+00,7.587791979312896729e-02,4.713996648788452148e-01,8.786494731903076172e-01,0.000000000000000000e+00,2.053643316030502319e-01,9.784256219863891602e-01,-2.255718223750591278e-02,0.000000000000000000e+00,3.973575830459594727e-01,4.571310281753540039e-01,-7.956998348236083984e-01,0.000000000000000000e+00
-1.770000010728836060e-01,4.300000071525573730e-01,0.000000000000000000e+00,-1.307500600814819336e-01,7.718746662139892578e-01,9.151781909167766571e-03,9.976833462715148926e-01,2.074554190039634705e-02,6.478848308324813843e-02,0.000000000000000000e+00,9.897210597991943359e-01,-4.239910840988159180e-02,-1.365818232297897339e-01,0.000000000000000000e+00,6.946557164192199707e-01,3.991457223892211914e-01,5.984447598457336426e-01,0.000000000000000000e+00,2.194722294807434082e-01,-7.758768796920776367e-01,-5.914786458015441895e-01,0.000000000000000000e+00,7.607796788215637207e-02,4.651767611503601074e-01,8.819425702095031738e-01,0.000000000000000000e+00,2.066602259874343872e-01,9.780039191246032715e-01,-2.828260138630867004e-02,0.000000000000000000e+00,3.976697623729705811e-01,4.567255973815917969e-01,-7.957766652107238770e-01,0.000000000000000000e+00
-1.770000010728836060e-01,4.300000071525573730e-01,0.000000000000000000e+00,-1.315280646085739136e-01,7.720807194709777832e-01,9.106365032494068146e-03,9.977014660835266113e-01,2.023917250335216522e-02,6.466946750879287720e-02,0.000000000000000000e+00,9.898364543914794922e-01,-4.188498109579086304e-02,-1.359024047851562500e-01,0.000000000000000000e+00,6.949061155319213867e-01,3.977639973163604736e-01,5.990737080574035645e-01,0.000000000000000000e+00,2.187871038913726807e-01,-7.731595635414123535e-01,-5.952785015106201172e-01,0.000000000000000000e+00,7.616679370403289795e-02,4.604393839836120605e-01,8.844174146652221680e-01,0.000000000000000000e+00,2.076369374990463257e-01,9.776620864868164062e-01,-3.261468559503555298e-02,0.000000000000000000e+00,3.979319632053375244e-01,4.563092887401580811e-01,-7.958843708038330078e-01,0.000000000000000000e+00
-1.770000010728836060e-01,4.300000071525573730e-01,0.000000000000000000e+00,-1.325408667325973511e-01,7.723328471183776855e-01,9.013845585286617279e-03,9.977275133132934570e-01,1.953656971454620361e-02,6.448335945606231689e-02,0.000000000000000000e+00,9.899711012840270996e-01,-4.152253642678260803e-02,-1.350298672914505005e-01,0.000000000000000000e+00,6.952671408653259277e-01,3.958135545253753662e-01,5.999460220336914062e-01,0.000000000000000000e+00,2.183267623186111450e-01,-7.695239782333374023e-01,-6.001385450363159180e-01,0.000000000000000000e+00,7.613252848386764526e-02,4.534574449062347412e-01,8.880203962326049805e-01,0.000000000000000000e+00,2.089633047580718994e-01,9.771671295166015625e-01,-3.845477476716041565e-02,0.000000000000000000e+00,3.983174860477447510e-01,4.556016027927398682e-01,-7.960969209671020508e-01,0.000000000000000000e+00
-1.770000010728836060e-01,4.300000071525573730e-01,0.000000000000000000e+00,-1.332741975784301758e-01,7.725154161453247070e-01,8.946856483817100525e-03,9.977464079856872559e-01,1.902228035032749176e-02,6.434509158134460449e-02,0.000000000000000000e+00,9.900664091110229492e-01,-4.129384458065032959e-02,-1.344000101089477539e-01,0.000000000000000000e+00,6.955148577690124512e-01,3.943901360034942627e-01,6.005960106849670410e-01,0.000000000000000000e+00,2.180720567703247070e-01,-7.668642997741699219e-01,-6.036254763603210449e-01,0.000000000000000000e+00,7.609412074089050293e-02,4.482852220535278320e-01,8.906458616256713867e-01,0.000000000000000000e+00,2.098530679941177368e-01,9.767909049987792969e-01,-4.290916770696640015e-02,0.000000000000000000e+00,3.985197842121124268e-01,4.549499452114105225e-01,-7.963683605194091797e-01,0.000000000000000000e+00
-1.770000010728836060e-01,4.300000071525573730e-01,0.000000000000000000e+00,-1.340131312608718872e-01,7.727228403091430664e-01,8.898595348000526428e-03,9.977642297744750977e-01,1.852265000343322754e-02,6.421419978141784668e-02,0.000000000000000000e+00,9.901604056358337402e-01,-4.108386114239692688e-02,-1.337701231241226196e-01,0.000000000000000000e+00,6.957315802574157715e-01,3.929597735404968262e-01,6.012821197509765625e-01,0.000000000000000000e+00,2.180507779121398926e-01,-7.642220258712768555e-01,-6.069748997688293457e-01,0.000000000000000000e+00,7.613334804773330688e-02,4.432604908943176270e-01,8.931538462638854980e-01,0.000000000000000000e+00,2.107180207967758179e-01,9.763790369033813477e-01,-4.776926338672637939e-02,0.000000000000000000e+00,3.985671699047088623e-01,4.539333283901214600e-01,-7.969245314598083496e-01,0.000000000000000000e+00
-1.770000010728836060e-01,4.300000071525573730e-01,0.000000000000000000e+00,-1.349822729825973511e-01,7.730096578598022461e-01,8.847407065331935883e-03,9.977860450744628906e-01,1.787687651813030243e-02,6.405836343765258789e-02,0.000000000000000000e+00,9.902894496917724609e-01,-4.085969924926757812e-02,-1.328809559345245361e-01,0.000000000000000000e+00,6.959598064422607422e-01,3.909032642841339111e-01,6.023575663566589355e-01,0.000000000000000000e+00,2.187687158584594727e-01,-7.605953216552734375e-01,-6.112568974494934082e-01,0.000000000000000000e+00,7.645540684461593628e-02,4.368132650852203369e-01,8.962972164154052734e-01,0.000000000000000000e+00,2.117525935173034668e-01,9.758172631263732910e-01,-5.423592776060104370e-02,0.000000000000000000e+00,3.985856473445892334e-01,4.525288641452789307e-01,-7.977136969566345215e-01,0.000000000000000000e+00
-1.770000010728836060e-01,4.300000071525573730e-01,0.000000000000000000e+00,-1.356839835643768311e-01,7.732173204421997070e-01,8.810344152152538300e-03,9.978014230728149414e-01,1.740905828773975372e-02,6.394704431295394897e-02,0.000000000000000000e+00,9.903829693794250488e-01,-4.070299863815307617e-02,-1.322300732135772705e-01,0.000000000000000000e+00,6.961078047752380371e-01,3.893942832946777344e-01,6.031633615493774414e-01,0.000000000000000000e+00,2.193051129579544067e-01,-7.579478025436401367e-01,-6.143455505371093750e-01,0.000000000000000000e+00,7.668541371822357178e-02,4.321346879005432129e-01,8.985427021980285645e-01,0.000000000000000000e+00,2.124520093202590942e-01,9.753906130790710449e-01,-5.896876007318496704e-02,0.000000000000000000e+00,3.985848426818847656e-01,4.514606297016143799e-01,-7.983191013336181641e-01,0.000000000000000000e+00
-1.770000010728836060e-01,4.300000071525573730e-01,0.000000000000000000e+00,-1.363960206508636475e-01,7.733891606330871582e-01,8.751653134822845459e-03,9.978166222572326660e-01,1.694466732442378998e-02,6.383427977561950684e-02,0.000000000000000000e+00,9.904820919036865234e-01,-4.061908647418022156e-02,-1.315116435289382935e-01,0.000000000000000000e+00,6.961829662322998047e-01,3.878100216388702393e-01,6.040965318679809570e-01,0.000000000000000000e+00,2.196329981088638306e-01,-7.554075121879577637e-01,-6.173498034477233887e-01,0.000000000000000000e+00,7.704518735408782959e-02,4.270764291286468506e-01,9.009271860122680664e-01,0.000000000000000000e+00,2.134303301572799683e-01,9.748768210411071777e-01,-6.373929977416992188e-02,0.000000000000000000e+00,3.984773457050323486e-01,4.499219954013824463e-01,-7.992408871650695801e-01,0.000000000000000000e+00
-1.770000010728836060e-01,4.300000071525573730e-01,0.000000000000000000e+00,-1.373126059770584106e-01,7.736104130744934082e-01,8.676100522279739380e-03,9.978365898132324219e-01,1.633172482252120972e-02,6.368226557970046997e-02,0.000000000000000000e+00,9.906213283538818359e-01,-4.060968756675720215e-02,-1.304614990949630737e-01,0.000000000000000000e+00,6.961875557899475098e-01,3.855919539928436279e-01,6.055094599723815918e-01,0.000000000000000000e+00,2.198106497526168823e-01,-7.521754503250122070e-01,-6.212208271026611328e-01,0.000000000000000000e+00,7.766997814178466797e-02,4.198082089424133301e-01,9.042834043502807617e-01,0.000000000000000000e+00,2.147672176361083984e-01,9.741517305374145508e-01,-7.002465426921844482e-02,0.000000000000000000e+00,3.982820212841033936e-01,4.476146996021270752e-01,-8.006325364112854004e-01,0.000000000000000000e+00
-1.770000010728836060e-01,4.300000071525573730e-01,0.000000000000000000e+00,-1.379762589931488037e-01,7.737705707550048828e-01,8.621396496891975403e-03,9.978507757186889648e-01,1.588730700314044952e-02,6.357201188802719116e-02,0.000000000000000000e+00,9.907217025756835938e-01,-4.060770571231842041e-02,-1.296976059675216675e-01,0.000000000000000000e+00,6.961841583251953125e-01,3.839762508869171143e-01,6.065392494201660156e-01,0.000000000000000000e+00,2.199164181947708130e-01,-7.498333454132080078e-01,-6.240085959434509277e-01,0.000000000000000000e+00,7.806845754384994507e-02,4.144950211048126221e-01,9.066968560218811035e-01,0.000000000000000000e+00,2.156167328357696533e-01,9.736239910125732422e-01,-7.460385560989379883e-02,0.000000000000000000e+00,3.981527984142303467e-01,4.459312260150909424e-01,-8.016356229782104492e-01,0.000000000000000000e+00
-1.770000010728836060e-01,4.300000071525573730e-01,0.000000000000000000e+00,-1.386415809392929077e-01,7.739368677139282227e-01,8.595984429121017456e-03,9.978646039962768555e-01,1.545610837638378143e-02,6.346108019351959229e-02,0.000000000000000000e+00,9.908192157745361328e-01,-4.068792611360549927e-02,-1.289256066083908081e-01,0.000000000000000000e+00,6.961880922317504883e-01,3.823937475681304932e-01,6.075336933135986328e-01,0.000000000000000000e+00,2.200195938348770142e-01,-7.473155856132507324e-01,-6.269854903221130371e-01,0.000000000000000000e+00,7.862726598978042603e-02,4.095973968505859375e-01,9.088716506958007812e-01,0.000000000000000000e+00,2.163358479738235474e-01,9.731004238128662109e-01,-7.921095192432403564e-02,0.000000000000000000e+00,3.979758322238922119e-01,4.441474676132202148e-01,-8.027130961418151855e-01,0.000000000000000000e+00
-1.770000010728836060e-01,4.300000071525573730e-01,0.000000000000000000e+00,-1.395120024681091309e-01,7.741581201553344727e-01,8.581350557506084442e-03,9.978831410408020020e-01,1.490102335810661316e-02,6.330236792564392090e-02,0.000000000000000000e+00,9.909466505050659180e-01,-4.111668467521667480e-02,-1.278052628040313721e-01,0.000000000000000000e+00,6.962257623672485352e-01,3.803026378154754639e-01,6.088017821311950684e-01,0.000000000000000000e+00,2.200200706720352173e-01,-7.429037094116210938e-01,-6.322066187858581543e-01,0.000000000000000000e+00,7.965800911188125610e-02,4.036567807197570801e-01,9.114361405372619629e-01,0.000000000000000000e+00,2.171285599470138550e-01,9.724022746086120605e-01,-8.537594974040985107e-02,0.000000000000000000e+00,3.976674079895019531e-01,4.418127834796905518e-01,-8.041530251502990723e-01,0.000000000000000000e+00
-1.770000010728836060e-01,4.300000071525573730e-01,0.000000000000000000e+00,-1.403481215238571167e-01,7.743706107139587402e-01,8.567292243242263794e-03,9.979007840156555176e-01,1.436786539852619171e-02,6.314770877361297607e-02,0.000000000000000000e+00,9.910677075386047363e-01,-4.157695174217224121e-02,-1.267127841711044312e-01,0.000000000000000000e+00,6.962603926658630371e-01,3.782854676246643066e-01,6.100176572799682617e-01,0.000000000000000000e+00,2.194251120090484619e-01,-7.375272512435913086e-01,-6.386753320693969727e-01,0.000000000000000000e+00,8.050961792469024658e-02,3.979040086269378662e-01,9.138876199722290039e-01,0.000000000000000000e+00,2.177838087081909180e-01,9.717095494270324707e-01,-9.138225018978118896e-02,0.000000000000000000e+00,3.974153995513916016e-01,4.398187398910522461e-01,-8.053697943687438965e-01,0.000000000000000000e+00
-1.770000010728836060e-01,4.300000071525573730e-01,0.000000000000000000e+00,-1.409242749214172363e-01,7.745779156684875488e-01,8.559323847293853760e-03,9.979147911071777344e-01,1.399121712893247604e-02,6.300997734069824219e-02,0.000000000000000000e+00,9.911466240882873535e-01,-4.192556440830230713e-02,-1.259786188602447510e-01,0.000000000000000000e+00,6.962946057319641113e-01,3.767470121383666992e-01,6.109300255775451660e-01,0.000000000000000000e+00,2.187117338180541992e-01,-7.333708405494689941e-01,-6.436865329742431641e-01,0.000000000000000000e+00,8.092301338911056519e-02,3.939494788646697998e-01,9.155628085136413574e-01,0.000000000000000000e+00,2.182026505470275879e-01,9.711532592773437500e-01,-9.617161750793457031e-02,0.000000000000000000e+00,3.972492218017578125e-01,4.383499622344970703e-01,-8.062520623207092285e-01,0.000000000000000000e+00
-1.770000010728836060e-01,4.300000071525573730e-01,0.000000000000000000e+00,-1.414833068847656250e-01,7.747790217399597168e-01,8.551592007279396057e-03,9.979299306869506836e-01,1.363578252494335175e-02,6.284879893064498901e-02,0.000000000000000000e+00,9.912142753601074219e-01,-4.228011518716812134e-02,-1.253264099359512329e-01,0.000000000000000000e+00,6.963375210762023926e-01,3.751713335514068604e-01,6.118500828742980957e-01,0.000000000000000000e+00,2.179769873619079590e-01,-7.294297814369201660e-01,-6.483966708183288574e-01,0.000000000000000000e+00,8.112041652202606201e-02,3.903391063213348389e-01,9.170904159545898438e-01,0.000000000000000000e+00,2.185691297054290771e-01,9.705768823623657227e-01,-1.010346561670303345e-01,0.000000000000000000e+00,3.970124423503875732e-01,4.369957745075225830e-01,-8.071033358573913574e-01,0.000000000000000000e+00
-1.770000010728836060e-01,4.300000071525573730e-01,0.000000000000000000e+00,-1.420257538557052612e-01,7.749742269515991211e-01,8.544089272618293762e-03,9.979445338249206543e-01,1.329173427075147629e-02,6.269032508134841919e-02,0.000000000000000000e+00,9.912785291671752930e-01,-4.262564331293106079e-02,-1.246992871165275574e-01,0.000000000000000000e+00,6.963755488395690918e-01,3.736358582973480225e-01,6.127457618713378906e-01,0.000000000000000000e+00,2.173874825239181519e-01,-7.256308794021606445e-01,-6.528419256210327148e-01,0.000000000000000000e+00,8.124992251396179199e-02,3.868223428726196289e-01,9.185678362846374512e-01,0.000000000000000000e+00,2.190011739730834961e-01,9.699667692184448242e-01,-1.058441847562789917e-01,0.000000000000000000e+00,3.967339992523193359e-01,4.357790052890777588e-01,-8.078977465629577637e-01,0.000000000000000000e+00
-1.770000010728836060e-01,4.300000071525573730e-01,0.000000000000000000e+00,-1.425568908452987671e-01,7.752232551574707031e-01,8.478330448269844055e-03,9.979590773582458496e-01,1.296727731823921204e-02,6.252665072679519653e-02,0.000000000000000000e+00,9.913399815559387207e-01,-4.297062754631042480e-02,-1.240909025073051453e-01,0.000000000000000000e+00,6.964141726493835449e-01,3.720945715904235840e-01,6.136391162872314453e-01,0.000000000000000000e+00,2.169739454984664917e-01,-7.219514250755310059e-01,-6.570452451705932617e-01,0.000000000000000000e+00,8.135021477937698364e-02,3.844486474990844727e-01,9.195550084114074707e-01,0.000000000000000000e+00,2.196518480777740479e-01,9.692861437797546387e-01,-1.106227561831474304e-01,0.000000000000000000e+00,3.964671790599822998e-01,4.346044659614562988e-01,-8.086611032485961914e-01,0.000000000000000000e+00
-1.770000010728836060e-01,4.300000071525573730e-01,0.000000000000000000e+00,-1.434073001146316528e-01,7.756220102310180664e-01,8.373042568564414978e-03,9.979829788208007812e-01,1.246486604213714600e-02,6.224659830331802368e-02,0.000000000000000000e+00,9.914364814758300781e-01,-4.354074969887733459e-02,-1.231172680854797363e-01,0.000000000000000000e+00,6.964771747589111328e-01,3.695331215858459473e-01,6.151136755943298340e-01,0.000000000000000000e+00,2.165645360946655273e-01,-7.161723375320434570e-01,-6.634733676910400391e-01,0.000000000000000000e+00,8.148557692766189575e-02,3.825426399707794189e-01,9.203375577926635742e-01,0.000000000000000000e+00,2.206321656703948975e-01,9.681538343429565430e-01,-1.183198541402816772e-01,0.000000000000000000e+00,3.961544334888458252e-01,4.330339729785919189e-01,-8.096562623977661133e-01,0.000000000000000000e+00
-1.770000010728836060e-01,4.300000071525573730e-01,0.000000000000000000e+00,-1.437356770038604736e-01,7.757759690284729004e-01,8.332387544214725494e-03,9.979920983314514160e-01,1.227120496332645416e-02,6.213820353150367737e-02,0.000000000000000000e+00,9.914733171463012695e-01,-4.376138001680374146e-02,-1.227419525384902954e-01,0.000000000000000000e+00,6.964983344078063965e-01,3.685422241687774658e-01,6.156839132308959961e-01,0.000000000000000000e+00,2.164641916751861572e-01,-7.139847874641418457e-01,-6.658595800399780273e-01,0.000000000000000000e+00,8.151897788047790527e-02,3.818265795707702637e-01,9.206319451332092285e-01,0.000000000000000000e+00,2.209698855876922607e-01,9.677047729492187500e-01,-1.213253214955329895e-01,0.000000000000000000e+00,3.960380852222442627e-01,4.325396120548248291e-01,-8.099773526191711426e-01,0.000000000000000000e+00
-1.770000010728836060e-01,4.300000071525573730e-01,0.000000000000000000e+00,-1.442476361989974976e-01,7.759957909584045410e-01,8.228331804275512695e-03,9.980051517486572266e-01,1.199520193040370941e-02,6.198206916451454163e-02,0.000000000000000000e+00,9.915274381637573242e-01,-4.415439069271087646e-02,-1.221626773476600647e-01,0.000000000000000000e+00,6.964515447616577148e-01,3.669742047786712646e-01,6.166726946830749512e-01,0.000000000000000000e+00,2.164685428142547607e-01,-7.110936045646667480e-01,-6.689448952674865723e-01,0.000000000000000000e+00,8.156535029411315918e-02,3.806883394718170166e-01,9.210990667343139648e-01,0.000000000000000000e+00,2.216643691062927246e-01,9.669810533523559570e-01,-1.257479488849639893e-01,0.000000000000000000e+00,3.958955705165863037e-01,4.319211244583129883e-01,-8.103770017623901367e-01,0.000000000000000000e+00
-1.770000010728836060e-01,4.300000071525573730e-01,0.000000000000000000e+00,-1.449066847562789917e-01,7.762787342071533203e-01,8.094382472336292267e-03,9.980214834213256836e-01,1.165045611560344696e-02,6.178461760282516479e-02,0.000000000000000000e+00,9.915971159934997559e-01,-4.476199671626091003e-02,-1.213734298944473267e-01,0.000000000000000000e+00,6.962862014770507812e-01,3.647785186767578125e-01,6.181603074073791504e-01,0.000000000000000000e+00,2.166757136583328247e-01,-7.078516483306884766e-01,-6.723077297210693359e-01,0.000000000000000000e+00,8.161713182926177979e-02,3.790864050388336182e-01,9.217549562454223633e-01,0.000000000000000000e+00,2.227882742881774902e-01,9.659585952758789062e-01,-1.314888745546340942e-01,0.000000000000000000e+00,3.957722187042236328e-01,4.313119053840637207e-01,-8.107616305351257324e-01,0.000000000000000000e+00
-1.770000010728836060e-01,4.300000071525573730e-01,0.000000000000000000e+00,-1.452263891696929932e-01,7.764160037040710449e-01,8.029400371015071869e-03,9.980293512344360352e-01,1.148353610187768936e-02,6.168898567557334900e-02,0.000000000000000000e+00,9.916304945945739746e-01,-4.505985230207443237e-02,-1.209897398948669434e-01,0.000000000000000000e+00,6.962060928344726562e-01,3.637046515941619873e-01,6.188828945159912109e-01,0.000000000000000000e+00,2.168017774820327759e-01,-7.063381075859069824e-01,-6.738572120666503906e-01,0.000000000000000000e+00,8.163134008646011353e-02,3.782943189144134521e-01,9.220790266990661621e-01,0.000000000000000000e+00,2.232623398303985596e-01,9.654622673988342285e-01,-1.343001574277877808e-01,0.000000000000000000e+00,3.957256972789764404e-01,4.311065971851348877e-01,-8.108934760093688965e-01,0.000000000000000000e+00
-1.770000010728836060e-01,4.300000071525573730e-01,0.000000000000000000e+00,-1.458712965250015259e-01,7.767134904861450195e-01,7.932501845061779022e-03,9.980438947677612305e-01,1.111180894076824188e-02,6.152172759175300598e-02,0.000000000000000000e+00,9.917109012603759766e-01,-4.539092630147933960e-02,-1.202045902609825134e-01,0.000000000000000000e+00,6.961622238159179688e-01,3.615870773792266846e-01,6.201717257499694824e-01,0.000000000000000000e+00,2.172442674636840820e-01,-7.029944062232971191e-01,-6.772029399871826172e-01,0.000000000000000000e+00,8.194076269865036011e-02,3.752314448356628418e-01,9.233022928237915039e-01,0.000000000000000000e+00,2.237287908792495728e-01,9.645660519599914551e-01,-1.398490518331527710e-01,0.000000000000000000e+00,3.959185481071472168e-01,4.310979843139648438e-01,-8.108039498329162598e-01,0.000000000000000000e+00
-1.770000010728836060e-01,4.300000071525573730e-01,0.000000000000000000e+00,-1.464907974004745483e-01,7.769992947578430176e-01,7.839421741664409637e-03,9.980572462081909180e-01,1.071869861334562302e-02,6.137493252754211426e-02,0.000000000000000000e+00,9.917995333671569824e-01,-4.552297294139862061e-02,-1.194207593798637390e-01,0.000000000000000000e+00,6.961970925331115723e-01,3.595297038555145264e-01,6.213275790214538574e-01,0.000000000000000000e+00,2.177493274211883545e-01,-6.995010972023010254e-01,-6.806492805480957031e-01,0.000000000000000000e+00,8.239170908927917480e-02,3.711211085319519043e-01,9.249219894409179688e-01,0.000000000000000000e+00,2.240100353956222534e-01,9.637023806571960449e-01,-1.452489495277404785e-01,0.000000000000000000e+00,3.963123857975006104e-01,4.313993155956268311e-01,-8.104512095451354980e-01,0.000000000000000000e+00
-1.770000010728836060e-01,4.300000071525573730e-01,0.000000000000000000e+00,-1.467913240194320679e-01,7.771378755569458008e-01,7.794265635311603546e-03,9.980636239051818848e-01,1.052800472825765610e-02,6.130376458168029785e-02,0.000000000000000000e+00,9.918422102928161621e-01,-4.558724537491798401e-02,-1.190411746501922607e-01,0.000000000000000000e+00,6.962116360664367676e-01,3.585313260555267334e-01,6.218879818916320801e-01,0.000000000000000000e+00,2.179844230413436890e-01,-6.978312730789184570e-01,-6.822860836982727051e-01,0.000000000000000000e+00,8.260302990674972534e-02,3.691495954990386963e-01,9.256917834281921387e-01,0.000000000000000000e+00,2.241413444280624390e-01,9.632693529129028320e-01,-1.478946506977081299e-01,0.000000000000000000e+00,3.965002596378326416e-01,4.316024780273437500e-01,-8.102511167526245117e-01,0.000000000000000000e+00
-1.770000010728836060e-01,4.300000071525573730e-01,0.000000000000000000e+00,-1.474595665931701660e-01,7.775046229362487793e-01,7.812490221112966537e-03,9.980807900428771973e-01,1.001969166100025177e-02,6.110905855894088745e-02,0.000000000000000000e+00,9.919572472572326660e-01,-4.548190161585807800e-02,-1.181195452809333801e-01,0.000000000000000000e+00,6.962609887123107910e-01,3.559902012348175049e-01,6.232909560203552246e-01,0.000000000000000000e+00,2.181159108877182007e-01,-6.926766633987426758e-01,-6.874769330024719238e-01,0.000000000000000000e+00,8.378623425960540771e-02,3.634498715400695801e-01,9.278383851051330566e-01,0.000000000000000000e+00,2.245856225490570068e-01,9.621226191520690918e-01,-1.545360982418060303e-01,0.000000000000000000e+00,3.962612152099609375e-01,4.318360984325408936e-01,-8.102435469627380371e-01,0.000000000000000000e+00
-1.770000010728836060e-01,4.300000071525573730e-01,0.000000000000000000e+00,-1.478446871042251587e-01,7.777159810066223145e-01,7.822993211448192596e-03,9.980911612510681152e-01,9.711616672575473785e-03,6.098967418074607849e-02,0.000000000000000000e+00,9.920269846916198730e-01,-4.533936455845832825e-02,-1.175874918699264526e-01,0.000000000000000000e+00,6.962907910346984863e-01,3.544842302799224854e-01,6.241154074668884277e-01,0.000000000000000000e+00,2.178697884082794189e-01,-6.887503266334533691e-01,-6.914880871772766113e-01,0.000000000000000000e+00,8.448851108551025391e-02,3.597038090229034424e-01,9.292334914207458496e-01,0.000000000000000000e+00,2.248376309871673584e-01,9.614300131797790527e-01,-1.584309935569763184e-01,0.000000000000000000e+00,3.959393799304962158e-01,4.317491948604583740e-01,-8.104471564292907715e-01,0.000000000000000000e+00
-1.770000010728836060e-01,4.300000071525573730e-01,0.000000000000000000e+00,-1.483404487371444702e-01,7.779880762100219727e-01,7.836514152586460114e-03,9.981042742729187012e-01,9.315066970884799957e-03,6.083610281348228455e-02,0.000000000000000000e+00,9.921160936355590820e-01,-4.515647888183593750e-02,-1.169041916728019714e-01,0.000000000000000000e+00,6.963235139846801758e-01,3.525452613830566406e-01,6.251763105392456055e-01,0.000000000000000000e+00,2.178565859794616699e-01,-6.833406090736389160e-01,-6.968386173248291016e-01,0.000000000000000000e+00,8.518099784851074219e-02,3.547706007957458496e-01,9.310650229454040527e-01,0.000000000000000000e+00,2.254209816455841064e-01,9.604628086090087891e-01,-1.633910089731216431e-01,0.000000000000000000e+00,3.955403268337249756e-01,4.314167499542236328e-01,-8.108189702033996582e-01,0.000000000000000000e+00
-1.770000010728836060e-01,4.300000071525573730e-01,0.000000000000000000e+00,-1.488166749477386475e-01,7.782494425773620605e-01,7.849501445889472961e-03,9.981167316436767578e-01,8.934174664318561554e-03,6.068869680166244507e-02,0.000000000000000000e+00,9.922009706497192383e-01,-4.498144611716270447e-02,-1.162495613098144531e-01,0.000000000000000000e+00,6.963493227958679199e-01,3.506820797920227051e-01,6.261945962905883789e-01,0.000000000000000000e+00,2.181739956140518188e-01,-6.784015893936157227e-01,-7.015492320060729980e-01,0.000000000000000000e+00,8.566948771476745605e-02,3.499249815940856934e-01,9.328522086143493652e-01,0.000000000000000000e+00,2.261183410882949829e-01,9.594812989234924316e-01,-1.681252419948577881e-01,0.000000000000000000e+00,3.951909840106964111e-01,4.311768710613250732e-01,-8.111168742179870605e-01,0.000000000000000000e+00
-1.770000010728836060e-01,4.300000071525573730e-01,0.000000000000000000e+00,-1.491614878177642822e-01,7.784386873245239258e-01,7.858905009925365448e-03,9.981256723403930664e-01,8.658408187329769135e-03,6.058204546570777893e-02,0.000000000000000000e+00,9.922619462013244629e-01,-4.485512152314186096e-02,-1.157766580581665039e-01,0.000000000000000000e+00,6.963647603988647461e-01,3.493325710296630859e-01,6.269313097000122070e-01,0.000000000000000000e+00,2.183927446603775024e-01,-6.749312877655029297e-01,-7.048208117485046387e-01,0.000000000000000000e+00,8.595075458288192749e-02,3.463657498359680176e-01,9.341537356376647949e-01,0.000000000000000000e+00,2.265612632036209106e-01,9.587661623954772949e-01,-1.715732812881469727e-01,0.000000000000000000e+00,3.949721455574035645e-01,4.311361312866210938e-01,-8.112450838088989258e-01,0.000000000000000000e+00
-1.770000010728836060e-01,4.300000071525573730e-01,0.000000000000000000e+00,-1.495121419429779053e-01,7.786300778388977051e-01,7.911812514066696167e-03,9.981340169906616211e-01,8.389133960008621216e-03,6.048184633255004883e-02,0.000000000000000000e+00,9.923211932182312012e-01,-4.472140967845916748e-02,-1.153199002146720886e-01,0.000000000000000000e+00,6.963688135147094727e-01,3.480229079723358154e-01,6.276547908782958984e-01,0.000000000000000000e+00,2.186274230480194092e-01,-6.716792583465576172e-01,-7.078481912612915039e-01,0.000000000000000000e+00,8.617868274450302124e-02,3.428955972194671631e-01,9.354121088981628418e-01,0.000000000000000000e+00,2.270586192607879639e-01,9.580576419830322266e-01,-1.748426407575607300e-01,0.000000000000000000e+00,3.947751820087432861e-01,4.311349689960479736e-01,-8.113415837287902832e-01,0.000000000000000000e+00
-1.770000010728836060e-01,4.300000071525573730e-01,0.000000000000000000e+00,-1.500055640935897827e-01,7.788967490196228027e-01,8.094352670013904572e-03,9.981418848037719727e-01,8.015763014554977417e-03,6.040330603718757629e-02,0.000000000000000000e+00,9.924027323722839355e-01,-4.437063634395599365e-02,-1.147522777318954468e-01,0.000000000000000000e+00,6.962426304817199707e-01,3.463367223739624023e-01,6.287265419960021973e-01,0.000000000000000000e+00,2.188614159822463989e-01,-6.678650975227355957e-01,-7.113760709762573242e-01,0.000000000000000000e+00,8.644114434719085693e-02,3.386437892913818359e-01,9.369356036186218262e-01,0.000000000000000000e+00,2.280640155076980591e-01,9.571028351783752441e-01,-1.787204742431640625e-01,0.000000000000000000e+00,3.941865265369415283e-01,4.311027228832244873e-01,-8.116449117660522461e-01,0.000000000000000000e+00
